Ticker,Date,Open,High,Low,Close,Adj Close,Volume
NVDA,2022-01-18,262.60,266.38,257.70,259.03,258.79,42427000
NVDA,2022-01-19,260.79,265.43,250.52,250.67,250.44,48831500
NVDA,2022-01-20,253.04,255.79,240.78,241.50,241.27,43518100
NVDA,2022-01-21,235.07,248.23,232.63,233.74,233.52,71895800
NVDA,2022-01-24,223.30,233.80,208.88,233.72,233.50,91398200
NVDA,2022-01-25,225.46,229.43,220.00,223.24,223.03,66461600
NVDA,2022-01-26,232.40,240.57,223.00,227.72,227.51,75595900
NVDA,2022-01-27,235.68,239.95,216.75,219.44,219.24,57335300
NVDA,2022-01-28,220.12,228.58,212.96,228.40,228.19,54377400
NVDA,2022-01-31,231.82,245.09,230.52,244.86,244.63,56468000
NVDA,2022-02-01,251.04,251.45,238.90,246.38,246.15,51892500
NVDA,2022-02-02,257.94,258.17,245.53,252.42,252.18,54341900
NVDA,2022-02-03,244.58,250.77,237.80,239.48,239.26,41017800
NVDA,2022-02-04,239.72,246.35,236.32,243.19,242.96,35482900
NVDA,2022-02-07,243.72,251.82,242.02,247.28,247.05,37686800
NVDA,2022-02-08,243.59,252.30,239.80,251.08,250.85,41035900
NVDA,2022-02-09,256.22,267.25,253.53,267.05,266.80,52428200
NVDA,2022-02-10,259.95,269.25,256.00,258.24,258.00,51320000
NVDA,2022-02-11,259.16,261.52,237.73,239.49,239.27,60547200
NVDA,2022-02-14,239.34,248.75,237.55,242.67,242.44,44042400
NVDA,2022-02-15,249.49,265.45,247.84,264.95,264.70,69986900
NVDA,2022-02-16,262.59,265.82,255.52,265.11,264.86,73267600
NVDA,2022-02-17,256.30,257.85,241.65,245.07,244.84,81059500
NVDA,2022-02-18,246.68,249.86,231.00,236.42,236.20,76125500
NVDA,2022-02-22,230.35,240.64,230.00,233.90,233.68,63342200
NVDA,2022-02-23,238.02,241.55,223.01,223.87,223.66,56651100
NVDA,2022-02-24,210.15,238.00,208.90,237.48,237.26,73580100
NVDA,2022-02-25,237.21,242.17,233.81,241.57,241.34,52886600
NVDA,2022-02-28,239.92,246.65,237.07,243.85,243.62,47731900
NVDA,2022-03-01,242.91,243.77,231.32,234.77,234.55,41205600
NVDA,2022-03-02,237.56,244.09,234.15,242.20,242.01,38964200
NVDA,2022-03-03,242.62,243.26,234.69,237.14,236.96,36509500
NVDA,2022-03-04,233.84,236.80,224.82,229.36,229.18,43141500
NVDA,2022-03-07,228.17,230.33,213.30,213.52,213.36,45082100
NVDA,2022-03-08,213.09,223.73,206.50,215.14,214.98,55746700
NVDA,2022-03-09,223.87,232.20,222.47,230.14,229.96,49274200
NVDA,2022-03-10,225.31,227.88,218.82,226.58,226.41,42806600
NVDA,2022-03-11,230.22,231.45,220.46,221.00,220.83,36720900
NVDA,2022-03-14,218.69,222.62,211.59,213.30,213.14,38535400
NVDA,2022-03-15,215.18,230.38,213.22,229.73,229.55,49199600
NVDA,2022-03-16,235.00,245.97,231.72,244.96,244.77,67142200
NVDA,2022-03-17,241.20,248.42,239.06,247.66,247.47,47194100
NVDA,2022-03-18,247.99,265.69,246.24,264.53,264.33,73071900
NVDA,2022-03-21,265.07,271.52,259.67,267.34,267.14,59172700
NVDA,2022-03-22,267.27,272.38,260.72,265.24,265.04,54700700
NVDA,2022-03-23,261.26,266.12,255.75,256.34,256.14,50212000
NVDA,2022-03-24,261.66,283.20,259.07,281.50,281.28,87737900
NVDA,2022-03-25,278.86,283.58,272.71,276.92,276.71,57901600
NVDA,2022-03-28,277.56,282.50,272.06,282.19,281.97,42549400
NVDA,2022-03-29,286.95,289.46,279.80,286.56,286.34,48898400
NVDA,2022-03-30,283.04,284.96,275.03,276.90,276.69,46348700
NVDA,2022-03-31,277.82,282.48,272.70,272.86,272.65,52344000
NVDA,2022-04-01,273.75,274.96,262.67,267.12,266.92,51723500
NVDA,2022-04-04,267.28,275.58,266.13,273.60,273.39,39712000
NVDA,2022-04-05,272.54,273.19,258.20,259.31,259.11,43661500
NVDA,2022-04-06,249.34,253.00,240.03,244.07,243.88,70383300
NVDA,2022-04-07,244.41,247.22,234.78,242.08,241.90,55799200
NVDA,2022-04-08,239.17,239.23,230.62,231.19,231.01,52478100
NVDA,2022-04-11,222.14,223.20,216.60,219.17,219.00,57520700
NVDA,2022-04-12,225.37,227.25,212.82,215.04,214.88,66225800
NVDA,2022-04-13,217.28,225.00,214.55,222.03,221.86,51694300
NVDA,2022-04-14,225.05,227.77,211.63,212.58,212.42,56909700
NVDA,2022-04-18,212.00,220.88,210.79,217.83,217.66,52570100
NVDA,2022-04-19,217.20,223.73,213.14,221.98,221.81,51278100
NVDA,2022-04-20,225.17,226.70,212.00,214.82,214.66,46897400
NVDA,2022-04-21,217.09,223.92,200.00,201.83,201.68,65620900
NVDA,2022-04-22,203.03,204.86,195.00,195.15,195.00,62471300
NVDA,2022-04-25,192.02,199.45,190.96,199.02,198.87,64156600
NVDA,2022-04-26,197.18,197.88,186.70,187.88,187.74,65314300
NVDA,2022-04-27,185.98,191.67,182.90,184.15,184.01,49946000
NVDA,2022-04-28,189.67,200.37,184.90,197.82,197.67,57032700
NVDA,2022-04-29,194.02,201.28,185.17,185.47,185.33,50043500
NVDA,2022-05-02,185.41,195.74,183.91,195.33,195.18,57204900
NVDA,2022-05-03,194.00,198.25,191.33,196.02,195.87,47575100
NVDA,2022-05-04,199.23,204.00,187.51,203.34,203.18,64885500
NVDA,2022-05-05,198.67,199.25,185.00,188.44,188.30,62633100
NVDA,2022-05-06,187.36,195.12,179.90,186.75,186.61,63329700
NVDA,2022-05-09,180.34,182.55,168.27,169.50,169.37,64445500
NVDA,2022-05-10,176.89,181.98,170.25,175.95,175.82,76147400
NVDA,2022-05-11,173.47,177.53,165.68,166.30,166.17,67016700
NVDA,2022-05-12,162.19,167.88,155.67,161.75,161.63,70872800
NVDA,2022-05-13,167.88,179.28,165.93,177.06,176.92,67043700
NVDA,2022-05-16,175.09,177.88,171.06,172.64,172.51,52144600
NVDA,2022-05-17,180.74,183.71,176.34,181.77,181.63,58583000
NVDA,2022-05-18,177.05,181.18,168.64,169.38,169.25,54516100
NVDA,2022-05-19,169.37,176.87,167.34,171.24,171.11,62131000
NVDA,2022-05-20,173.32,174.10,157.55,166.94,166.81,73910500
NVDA,2022-05-23,162.74,169.15,161.79,168.98,168.85,63988900
NVDA,2022-05-24,165.10,165.97,157.80,161.54,161.42,58855000
NVDA,2022-05-25,160.20,171.11,160.00,169.75,169.62,78113200
NVDA,2022-05-26,160.36,180.92,160.22,178.51,178.37,99657500
NVDA,2022-05-27,181.86,188.81,181.00,188.11,187.97,73837900
NVDA,2022-05-31,189.80,192.00,183.50,186.72,186.58,66410000
NVDA,2022-06-01,187.24,190.53,181.22,183.20,183.06,54451400
NVDA,2022-06-02,182.92,196.19,181.98,195.92,195.77,64865600
NVDA,2022-06-03,190.82,193.32,185.22,187.20,187.06,59877900
NVDA,2022-06-06,191.39,193.37,185.64,187.86,187.72,42240600
NVDA,2022-06-07,184.72,190.00,181.88,189.26,189.12,38891400
NVDA,2022-06-08,187.99,191.80,185.35,186.48,186.38,36325200
NVDA,2022-06-09,184.81,189.33,180.41,180.48,180.38,39557400
NVDA,2022-06-10,176.00,176.97,168.69,169.74,169.65,46524800
NVDA,2022-06-13,160.00,163.12,156.06,156.47,156.38,60415300
NVDA,2022-06-14,157.31,160.66,154.12,158.36,158.27,46968000
NVDA,2022-06-15,160.95,168.68,159.26,165.27,165.18,56393600
NVDA,2022-06-16,158.60,159.42,154.01,156.01,155.92,54574900
NVDA,2022-06-17,156.48,159.95,153.28,158.80,158.71,63033400
NVDA,2022-06-21,164.75,170.08,164.07,165.66,165.57,48308900
NVDA,2022-06-22,162.26,166.62,161.80,163.60,163.51,43713500
NVDA,2022-06-23,165.19,165.85,158.53,162.25,162.16,46368000
NVDA,2022-06-24,165.00,171.40,163.10,171.26,171.17,47215300
NVDA,2022-06-27,173.12,173.30,166.26,168.69,168.60,42796800
NVDA,2022-06-28,169.00,172.02,159.45,159.82,159.73,46114900
NVDA,2022-06-29,158.14,158.20,151.70,155.42,155.33,48235200
NVDA,2022-06-30,153.61,155.67,148.62,151.59,151.51,68607000
NVDA,2022-07-01,148.99,150.63,143.92,145.23,145.15,57761000
NVDA,2022-07-05,141.75,149.71,140.55,149.64,149.56,65139700
NVDA,2022-07-06,150.10,153.19,147.89,151.30,151.22,52906600
NVDA,2022-07-07,154.56,159.45,153.89,158.58,158.49,49290300
NVDA,2022-07-08,154.30,160.37,153.89,158.38,158.29,46797200
NVDA,2022-07-11,155.26,155.27,150.38,151.52,151.44,43732100
NVDA,2022-07-12,152.68,154.31,148.77,150.82,150.74,45848300
NVDA,2022-07-13,145.90,153.75,144.65,151.64,151.56,52191800
NVDA,2022-07-14,151.08,154.73,147.28,153.72,153.64,45623500
NVDA,2022-07-15,156.59,157.82,154.45,157.62,157.53,38593500
NVDA,2022-07-18,163.02,168.97,160.02,161.01,160.92,67051700
NVDA,2022-07-19,164.86,171.10,161.72,169.92,169.83,70236600
NVDA,2022-07-20,169.47,179.33,168.01,178.07,177.97,76053800
NVDA,2022-07-21,178.85,181.44,175.45,180.50,180.40,55704900
NVDA,2022-07-22,178.93,179.67,171.37,173.19,173.09,53667100
NVDA,2022-07-25,170.19,171.24,166.49,170.24,170.15,48074800
NVDA,2022-07-26,168.89,169.19,164.78,165.33,165.24,39786500
NVDA,2022-07-27,170.32,179.36,169.13,177.90,177.80,56977600
NVDA,2022-07-28,179.75,181.40,174.40,179.84,179.74,47464600
NVDA,2022-07-29,178.13,182.44,176.92,181.63,181.53,43546000
NVDA,2022-08-01,181.82,188.46,179.90,184.41,184.31,47646900
NVDA,2022-08-02,181.22,189.38,180.92,185.26,185.16,48952700
NVDA,2022-08-03,181.84,189.68,181.37,188.93,188.83,41814600
NVDA,2022-08-04,188.49,192.74,187.60,192.15,192.04,40965200
NVDA,2022-08-05,188.10,192.29,186.66,189.89,189.79,38606800
NVDA,2022-08-08,175.02,182.39,172.42,177.93,177.83,98185900
NVDA,2022-08-09,172.52,174.47,167.24,170.86,170.77,66826300
NVDA,2022-08-10,176.98,181.18,173.17,180.97,180.87,59742200
NVDA,2022-08-11,181.31,187.07,178.76,179.42,179.32,50932700
NVDA,2022-08-12,181.60,187.18,179.53,187.09,186.99,47809400
NVDA,2022-08-15,187.01,191.64,186.13,190.32,190.21,45766600
NVDA,2022-08-16,189.20,191.42,185.01,188.79,188.69,45124000
NVDA,2022-08-17,185.23,186.88,181.45,183.35,183.25,44679900
NVDA,2022-08-18,183.01,188.65,181.83,187.73,187.63,41544700
NVDA,2022-08-19,184.06,185.20,177.70,178.49,178.39,44158800
NVDA,2022-08-22,174.90,175.58,169.66,170.34,170.25,40959300
NVDA,2022-08-23,169.89,174.65,169.70,171.81,171.72,36998600
NVDA,2022-08-24,170.12,174.06,168.95,172.22,172.12,52266100
NVDA,2022-08-25,168.44,179.47,168.33,179.13,179.03,77069100
NVDA,2022-08-26,178.57,179.24,162.37,162.60,162.51,76912700
NVDA,2022-08-29,160.20,163.38,157.67,158.01,157.92,49613200
NVDA,2022-08-30,159.60,160.39,151.82,154.68,154.59,53018100
NVDA,2022-08-31,153.84,155.40,149.59,150.94,150.86,57371000
NVDA,2022-09-01,142.09,143.80,132.70,139.37,139.29,117886500
NVDA,2022-09-02,141.00,141.71,135.91,136.47,136.39,74315700
NVDA,2022-09-06,137.31,137.79,133.51,134.65,134.58,53575100
NVDA,2022-09-07,135.63,138.38,133.46,137.14,137.10,51265700
NVDA,2022-09-08,134.59,140.08,133.69,139.90,139.86,62487300
NVDA,2022-09-09,141.57,144.74,141.26,143.87,143.83,48661200
NVDA,2022-09-12,143.69,145.47,141.98,145.05,145.01,48415900
NVDA,2022-09-13,138.02,139.22,130.99,131.31,131.28,71495600
NVDA,2022-09-14,132.54,132.90,129.13,131.28,131.25,58850700
NVDA,2022-09-15,130.15,132.33,127.90,129.29,129.26,52362500
NVDA,2022-09-16,127.42,132.12,126.17,131.98,131.95,67075100
NVDA,2022-09-19,130.12,134.63,130.10,133.82,133.79,56968500
NVDA,2022-09-20,132.15,134.83,130.57,131.76,131.73,52481800
NVDA,2022-09-21,132.13,140.31,131.10,132.61,132.58,80767900
NVDA,2022-09-22,130.70,131.49,124.28,125.61,125.58,75916200
NVDA,2022-09-23,124.20,126.11,122.57,125.16,125.13,66330900
NVDA,2022-09-26,124.91,126.59,122.14,122.28,122.25,54734300
NVDA,2022-09-27,125.07,127.36,122.58,124.13,124.10,55385400
NVDA,2022-09-28,124.10,128.23,123.54,127.36,127.33,54241400
NVDA,2022-09-29,124.48,125.00,119.46,122.20,122.17,53276300
NVDA,2022-09-30,120.87,126.33,120.75,121.39,121.36,56563800
NVDA,2022-10-03,123.47,126.78,121.05,125.12,125.09,54747800
NVDA,2022-10-04,128.79,132.20,128.79,131.67,131.64,58418200
NVDA,2022-10-05,129.11,133.21,126.21,132.09,132.06,50713100
NVDA,2022-10-06,132.20,136.56,131.03,131.30,131.27,64415700
NVDA,2022-10-07,125.05,126.70,120.22,120.76,120.73,67247800
NVDA,2022-10-10,120.37,121.24,114.08,116.70,116.67,69869900
NVDA,2022-10-11,115.61,118.46,112.83,115.86,115.83,66748200
NVDA,2022-10-12,115.79,117.35,113.45,115.00,114.97,49259000
NVDA,2022-10-13,109.71,120.78,108.13,119.60,119.57,85010300
NVDA,2022-10-14,120.57,121.11,112.04,112.27,112.24,71343200
NVDA,2022-10-17,115.18,119.48,115.17,118.88,118.85,58077400
NVDA,2022-10-18,123.44,124.92,116.18,119.67,119.64,65936200
NVDA,2022-10-19,118.79,123.50,118.34,120.51,120.48,52313100
NVDA,2022-10-20,121.13,127.69,121.05,121.94,121.91,65239800
NVDA,2022-10-21,120.98,124.98,118.87,124.66,124.63,60949400
NVDA,2022-10-24,125.08,127.10,120.64,125.99,125.96,51745700
NVDA,2022-10-25,126.94,133.00,126.64,132.61,132.58,50548200
NVDA,2022-10-26,128.69,133.88,127.08,128.96,128.93,53295300
NVDA,2022-10-27,136.30,138.38,131.22,131.76,131.73,58311300
NVDA,2022-10-28,131.04,138.50,130.61,138.34,138.30,52104000
NVDA,2022-10-31,137.78,138.38,132.97,134.97,134.94,48634100
NVDA,2022-11-01,138.11,139.25,135.19,135.43,135.40,43281700
NVDA,2022-11-02,138.50,142.10,132.11,132.19,132.16,67262800
NVDA,2022-11-03,130.43,137.81,129.56,134.21,134.18,50006500
NVDA,2022-11-04,139.86,142.29,136.97,141.56,141.52,61257600
NVDA,2022-11-07,142.28,144.12,139.54,143.01,142.97,41006100
NVDA,2022-11-08,148.01,148.91,142.16,146.02,145.98,59529200
NVDA,2022-11-09,141.62,142.11,137.59,137.76,137.72,45441400
NVDA,2022-11-10,148.00,157.73,145.47,157.50,157.46,70081900
NVDA,2022-11-11,158.07,163.89,154.82,163.27,163.23,65548700
NVDA,2022-11-14,162.18,165.40,159.22,162.95,162.91,52785200
NVDA,2022-11-15,167.22,169.98,163.82,166.66,166.62,54587600
NVDA,2022-11-16,161.62,163.62,158.73,159.10,159.06,64954700
NVDA,2022-11-17,157.15,162.66,155.35,156.77,156.73,71089400
NVDA,2022-11-18,159.66,160.02,151.20,154.09,154.05,49207200
NVDA,2022-11-21,151.47,154.77,150.80,153.17,153.13,40473900
NVDA,2022-11-22,153.28,160.58,151.22,160.38,160.34,47286600
NVDA,2022-11-23,160.98,165.27,160.48,165.19,165.15,42724100
NVDA,2022-11-25,163.18,164.87,161.72,162.70,162.66,16793400
NVDA,2022-11-28,160.26,163.57,157.25,158.27,158.23,30374100
NVDA,2022-11-29,158.27,159.32,155.20,156.39,156.35,29838400
NVDA,2022-11-30,156.97,169.30,155.97,169.23,169.23,56529800
NVDA,2022-12-01,169.99,172.65,166.35,171.35,171.35,47097700
NVDA,2022-12-02,166.59,169.33,164.45,168.76,168.76,37138900
NVDA,2022-12-05,166.79,169.95,164.72,166.10,166.10,35225500
NVDA,2022-12-06,165.30,165.73,158.19,159.87,159.87,35269400
NVDA,2022-12-07,157.72,161.86,156.67,161.20,161.20,37238800
NVDA,2022-12-08,162.73,171.79,159.59,171.69,171.69,51545600
NVDA,2022-12-09,171.60,175.83,169.75,170.01,170.01,46533800
NVDA,2022-12-12,170.37,175.38,167.97,175.35,175.35,45732800
NVDA,2022-12-13,185.31,187.90,177.11,180.72,180.72,65658900
NVDA,2022-12-14,179.87,182.52,174.20,176.74,176.74,49688800
NVDA,2022-12-15,171.46,173.20,167.00,169.52,169.52,47854200
NVDA,2022-12-16,168.64,170.41,164.10,165.71,165.71,47823200
NVDA,2022-12-19,165.72,166.09,161.45,162.54,162.54,35403900
NVDA,2022-12-20,160.64,163.10,158.52,160.85,160.85,40326000
NVDA,2022-12-21,161.14,166.27,161.02,165.01,165.01,32502500
NVDA,2022-12-22,160.94,161.38,148.82,153.39,153.39,56504500
NVDA,2022-12-23,151.96,153.39,148.83,152.06,152.06,34932600
NVDA,2022-12-27,150.74,151.00,140.56,141.21,141.21,46490200
NVDA,2022-12-28,139.27,142.62,138.84,140.36,140.36,35106600
NVDA,2022-12-29,144.02,146.83,142.27,146.03,146.03,35492300
NVDA,2022-12-30,143.34,146.29,142.33,146.14,146.14,31027300
NVDA,2023-01-03,148.51,149.96,140.96,143.15,143.15,40127700
NVDA,2023-01-04,145.67,148.53,142.41,147.49,147.49,43132400
NVDA,2023-01-05,144.91,145.64,141.48,142.65,142.65,38916800
NVDA,2023-01-06,144.74,150.10,140.34,148.59,148.59,40482300
NVDA,2023-01-09,152.84,160.56,151.41,156.28,156.28,50423100
NVDA,2023-01-10,155.07,159.62,154.72,159.09,159.09,38410100
NVDA,2023-01-11,158.40,160.28,155.63,160.01,160.01,35328500
NVDA,2023-01-12,161.00,166.37,154.92,165.11,165.11,55140900
NVDA,2023-01-13,162.78,169.22,161.65,168.99,168.99,44693500
NVDA,2023-01-17,168.99,177.28,168.99,177.02,177.02,51019900
NET,2022-01-18,24.03,24.04,23.67,23.77,21.98,3052500
NET,2022-01-19,23.90,24.00,23.33,23.33,21.58,4184900
NET,2022-01-20,23.43,23.60,22.75,22.75,21.04,3328600
NET,2022-01-21,22.68,22.98,22.66,22.90,21.18,4338400
NET,2022-01-24,22.59,23.01,22.20,22.99,21.26,5438000
NET,2022-01-25,22.86,22.96,22.27,22.61,20.91,4610100
NET,2022-01-26,22.84,23.13,22.23,22.30,20.63,5202500
NET,2022-01-27,22.50,22.76,21.83,21.97,20.32,6198800
NET,2022-01-28,21.97,22.25,21.36,22.25,20.58,6493000
NET,2022-01-31,22.18,22.76,22.07,22.76,21.05,4421600
NET,2022-02-01,22.80,22.93,22.60,22.79,21.08,3971900
NET,2022-02-02,22.78,23.09,22.70,22.81,21.10,4747400
NET,2022-02-03,22.56,23.18,22.01,22.17,20.50,5366500
NET,2022-02-04,22.08,22.26,21.79,21.90,20.26,5325300
NET,2022-02-07,21.94,22.07,21.44,21.46,19.85,4361900
NET,2022-02-08,21.49,21.80,21.48,21.63,20.01,3665000
NET,2022-02-09,21.90,22.11,21.74,21.87,20.23,3735700
NET,2022-02-10,21.69,22.09,21.39,21.46,19.85,4569000
NET,2022-02-11,21.56,21.99,21.44,21.67,20.04,4254600
NET,2022-02-14,21.53,21.71,20.69,20.78,19.22,8061300
NET,2022-02-15,20.82,20.99,20.32,20.40,18.87,12065000
NET,2022-02-16,20.50,20.68,20.31,20.65,19.10,6389200
NET,2022-02-17,20.62,20.64,20.39,20.48,18.94,3139200
NET,2022-02-18,20.58,20.94,20.44,20.50,18.96,5076500
NET,2022-02-22,20.44,20.64,20.23,20.42,18.89,4869300
NET,2022-02-23,20.71,20.84,19.90,19.97,18.47,4570700
NET,2022-02-24,19.65,20.14,19.61,20.02,18.52,8336600
NET,2022-02-25,20.11,20.78,19.93,20.78,19.22,5371000
NET,2022-02-28,20.47,20.57,20.11,20.34,18.81,4971700
NET,2022-03-01,20.45,20.73,20.04,20.27,18.75,7545300
NET,2022-03-02,20.25,20.54,20.24,20.43,18.90,6574100
NET,2022-03-03,20.50,20.72,20.21,20.63,19.08,4049300
NET,2022-03-04,20.47,20.55,20.26,20.49,18.95,6600900
NET,2022-03-07,20.48,20.57,20.12,20.13,18.62,5283100
NET,2022-03-08,20.19,20.54,19.96,20.29,18.77,5454200
NET,2022-03-09,20.65,20.74,20.29,20.33,18.80,4526400
NET,2022-03-10,20.26,20.69,20.20,20.61,19.06,3567600
NET,2022-03-11,20.50,20.72,20.14,20.15,18.64,5211000
NET,2022-03-14,20.20,20.38,19.88,19.99,18.49,4792900
NET,2022-03-15,20.11,20.22,19.86,20.07,18.56,4478200
NET,2022-03-16,19.94,20.12,19.51,19.94,18.71,5607400
NET,2022-03-17,19.91,20.35,19.89,20.22,18.98,5918900
NET,2022-03-18,20.02,20.54,20.01,20.50,19.24,9478300
NET,2022-03-21,20.55,20.65,20.11,20.21,18.97,5354500
NET,2022-03-22,20.25,20.53,20.22,20.36,19.11,5477100
NET,2022-03-23,20.30,20.38,20.05,20.21,18.97,3793400
NET,2022-03-24,20.26,20.42,20.20,20.40,19.14,3834600
NET,2022-03-25,20.44,20.69,20.33,20.67,19.40,2850500
NET,2022-03-28,20.65,20.96,20.49,20.94,19.65,4309600
NET,2022-03-29,21.05,21.63,20.96,21.49,20.17,4613200
NET,2022-03-30,21.41,21.47,21.18,21.37,20.05,4338400
NET,2022-03-31,21.49,21.59,21.14,21.14,19.84,4946100
NET,2022-04-01,21.15,21.55,21.10,21.54,20.21,3387400
NET,2022-04-04,21.42,21.54,21.02,21.26,19.95,3811500
NET,2022-04-05,21.26,21.38,20.72,20.77,19.49,4533300
NET,2022-04-06,20.70,21.31,20.58,21.26,19.95,4324700
NET,2022-04-07,21.25,21.25,20.91,21.13,19.83,3850400
NET,2022-04-08,21.32,21.35,21.04,21.10,19.80,2675500
NET,2022-04-11,21.15,21.25,20.48,20.53,19.27,4941200
NET,2022-04-12,20.50,20.61,20.19,20.33,19.08,4130600
NET,2022-04-13,20.12,20.34,19.89,20.31,19.06,5769000
NET,2022-04-14,20.49,20.71,20.20,20.23,18.98,6115000
NET,2022-04-18,20.11,20.19,19.42,19.52,18.32,7717800
NET,2022-04-19,19.73,19.92,19.54,19.81,18.59,5862100
NET,2022-04-20,19.83,20.30,19.68,20.19,18.95,5029900
NET,2022-04-21,20.30,20.46,20.13,20.33,19.08,5437100
NET,2022-04-22,19.93,19.97,18.74,18.76,17.61,10676900
NET,2022-04-25,18.76,18.88,18.45,18.54,17.40,7741100
NET,2022-04-26,18.44,18.51,18.07,18.12,17.00,7339000
NET,2022-04-27,18.11,18.30,17.58,17.66,16.57,7322800
NET,2022-04-28,18.05,18.85,17.99,18.73,17.58,6715600
NET,2022-04-29,18.67,19.12,18.35,18.39,17.26,7782800
NET,2022-05-02,18.40,18.63,17.60,18.03,16.92,7964200
NET,2022-05-03,18.13,18.91,18.10,18.78,17.62,6328300
NET,2022-05-04,18.60,18.96,18.29,18.96,17.79,6110100
NET,2022-05-05,18.85,18.87,18.32,18.62,17.47,5201700
NET,2022-05-06,18.46,18.54,18.12,18.42,17.29,5469600
NET,2022-05-09,18.29,18.34,17.77,17.90,16.80,5182700
NET,2022-05-10,18.05,18.14,17.42,17.56,16.48,6018500
NET,2022-05-11,17.68,18.07,17.47,17.48,16.40,6257300
NET,2022-05-12,17.49,17.90,17.38,17.88,16.78,4580300
NET,2022-05-13,18.01,18.23,17.88,18.21,17.09,4826700
NET,2022-05-16,18.17,18.30,18.06,18.12,17.00,4145100
NET,2022-05-17,18.35,18.48,17.99,18.47,17.33,5258100
NET,2022-05-18,18.49,18.55,18.02,18.12,17.00,3918100
NET,2022-05-19,18.04,18.47,18.04,18.13,17.01,4264900
NET,2022-05-20,18.24,18.35,17.69,18.07,16.96,5456200
NET,2022-05-23,18.13,18.36,18.04,18.15,17.03,4076200
NET,2022-05-24,18.15,18.58,17.82,18.47,17.33,4293600
NET,2022-05-25,18.45,18.84,18.35,18.75,17.60,6874700
NET,2022-05-26,18.85,18.87,18.55,18.58,17.44,4773400
NET,2022-05-27,18.60,18.92,18.53,18.58,17.44,5959100
NET,2022-05-31,18.46,18.69,18.36,18.58,17.44,7278900
NET,2022-06-01,18.74,18.78,18.10,18.29,17.16,5005500
NET,2022-06-02,18.22,18.36,17.72,18.02,16.91,10205800
NET,2022-06-03,17.92,17.96,17.33,17.33,16.26,9654800
NET,2022-06-06,17.44,17.52,16.94,16.99,15.94,10966900
NET,2022-06-07,16.92,17.45,16.90,17.43,16.36,8076200
NET,2022-06-08,17.35,17.35,16.83,16.88,15.84,6137400
NET,2022-06-09,16.85,16.90,16.10,16.13,15.14,10863200
NET,2022-06-10,16.00,16.23,15.78,15.99,15.01,10677900
NET,2022-06-13,15.67,15.88,15.02,15.07,14.14,12633700
NET,2022-06-14,15.18,15.25,14.76,14.94,14.02,12595100
NET,2022-06-15,14.81,15.15,14.64,14.99,14.35,10868800
NET,2022-06-16,14.68,14.74,14.28,14.34,13.72,12112000
NET,2022-06-17,14.33,14.57,14.10,14.36,13.74,14740900
NET,2022-06-21,14.51,14.81,14.48,14.66,14.03,7645000
NET,2022-06-22,14.40,14.82,14.23,14.65,14.02,7510600
NET,2022-06-23,14.69,15.08,14.68,15.05,14.40,5833600
NET,2022-06-24,15.18,15.55,15.11,15.48,14.81,8098300
NET,2022-06-27,15.48,15.92,15.34,15.72,15.04,8966700
NET,2022-06-28,15.83,16.04,15.47,15.57,14.90,7445200
NET,2022-06-29,15.52,15.97,15.51,15.94,15.26,6462000
NET,2022-06-30,15.71,15.74,15.18,15.27,14.61,11457100
NET,2022-07-01,15.21,15.71,15.16,15.64,14.97,6136100
NET,2022-07-05,15.51,15.72,15.16,15.69,15.02,5624500
NET,2022-07-06,15.77,15.85,15.59,15.60,14.93,5172700
NET,2022-07-07,15.70,15.82,15.60,15.66,14.99,3752700
NET,2022-07-08,15.69,15.83,15.51,15.59,14.92,3397900
NET,2022-07-11,15.63,15.74,15.41,15.46,14.80,5392600
NET,2022-07-12,15.38,15.95,15.38,15.81,15.13,5377600
NET,2022-07-13,15.66,15.83,15.50,15.68,15.01,3614100
NET,2022-07-14,15.37,15.60,15.23,15.55,14.88,4396700
NET,2022-07-15,15.92,16.08,15.59,15.77,15.09,7826400
NET,2022-07-18,15.85,16.02,15.71,15.81,15.13,6890000
NET,2022-07-19,15.96,16.22,15.84,16.16,15.47,5239000
NET,2022-07-20,16.23,16.34,16.03,16.12,15.43,3920400
NET,2022-07-21,16.06,16.26,15.84,16.24,15.54,4914100
NET,2022-07-22,16.35,16.63,16.35,16.55,15.84,6780100
NET,2022-07-25,16.56,16.86,16.44,16.80,16.08,4232100
NET,2022-07-26,16.80,16.88,16.62,16.69,15.97,3699600
NET,2022-07-27,16.67,16.84,16.62,16.81,16.09,3343500
NET,2022-07-28,16.75,17.25,16.41,16.92,16.19,6859600
NET,2022-07-29,16.90,17.31,16.89,17.24,16.50,4656600
NET,2022-08-01,17.23,17.28,17.05,17.20,16.46,5314900
NET,2022-08-02,17.15,17.36,16.79,16.90,16.17,7621800
NET,2022-08-03,16.49,17.08,15.82,16.07,15.38,16575300
NET,2022-08-04,16.16,16.27,15.93,16.01,15.32,10894700
NET,2022-08-05,16.08,16.30,15.67,15.88,15.20,6746200
NET,2022-08-08,15.99,16.27,15.99,16.18,15.48,5986600
NET,2022-08-09,16.10,16.23,15.98,16.22,15.52,5482800
NET,2022-08-10,16.32,16.40,16.15,16.22,15.52,5701400
NET,2022-08-11,16.25,16.59,16.25,16.32,15.62,7227900
NET,2022-08-12,16.49,16.72,16.45,16.72,16.00,4250600
NET,2022-08-15,16.71,16.81,16.64,16.68,15.96,4843000
NET,2022-08-16,16.61,16.73,16.46,16.62,15.91,3869900
NET,2022-08-17,16.48,16.60,16.36,16.50,15.79,3824700
NET,2022-08-18,16.48,16.65,15.98,16.03,15.34,8270200
NET,2022-08-19,15.97,16.05,15.84,15.95,15.26,7051100
NET,2022-08-22,15.85,15.95,15.57,15.59,14.92,6102100
NET,2022-08-23,15.61,15.67,15.02,15.04,14.39,14044800
NET,2022-08-24,15.07,15.32,14.93,15.21,14.56,9534200
NET,2022-08-25,15.30,15.45,15.21,15.43,14.77,5252600
NET,2022-08-26,15.40,15.48,14.97,14.97,14.33,8277800
NET,2022-08-29,14.96,15.11,14.77,14.85,14.21,9325700
NET,2022-08-30,14.94,14.94,14.36,14.42,13.80,11351200
NET,2022-08-31,14.56,14.66,14.38,14.61,13.98,10917100
NET,2022-09-01,14.50,14.61,14.30,14.53,13.91,6363100
NET,2022-09-02,14.67,14.71,14.30,14.32,13.70,7259600
NET,2022-09-06,14.40,14.42,14.14,14.17,13.56,6362800
NET,2022-09-07,14.16,14.52,14.07,14.50,13.88,7215600
NET,2022-09-08,14.49,14.82,14.37,14.69,14.06,7160000
NET,2022-09-09,14.76,14.90,14.68,14.85,14.21,5458700
NET,2022-09-12,14.98,15.16,14.98,15.03,14.38,6127300
NET,2022-09-13,14.79,14.79,14.23,14.29,13.68,16670400
NET,2022-09-14,14.00,14.03,13.64,13.79,13.47,22707700
NET,2022-09-15,13.85,14.04,13.56,13.69,13.37,13699800
NET,2022-09-16,13.54,13.82,13.30,13.80,13.48,14976800
NET,2022-09-19,13.64,13.65,13.38,13.52,13.21,13439900
NET,2022-09-20,13.37,13.38,13.07,13.14,12.84,12609600
NET,2022-09-21,13.23,13.54,12.98,12.98,12.68,11178500
NET,2022-09-22,12.92,13.05,12.67,12.91,12.61,17189600
NET,2022-09-23,12.74,12.77,12.19,12.48,12.19,17529000
NET,2022-09-26,12.36,12.40,11.91,12.02,11.74,17678100
NET,2022-09-27,12.13,12.24,11.76,11.93,11.65,14949100
NET,2022-09-28,12.06,12.16,11.78,12.03,11.75,15537000
NET,2022-09-29,11.89,11.99,11.35,11.44,11.18,20505500
NET,2022-09-30,11.65,12.14,11.53,11.86,11.59,24995300
NET,2022-10-03,11.86,11.97,11.30,11.55,11.28,22939000
NET,2022-10-04,11.69,12.23,11.64,11.99,11.71,13877300
NET,2022-10-05,11.63,11.76,11.17,11.40,11.14,17465800
NET,2022-10-06,11.44,11.63,10.68,10.69,10.44,28675500
NET,2022-10-07,10.52,10.58,10.00,10.14,9.91,32829900
NET,2022-10-10,10.44,10.65,10.21,10.39,10.15,19960200
NET,2022-10-11,10.50,11.04,10.31,10.98,10.73,24025400
NET,2022-10-12,10.98,11.07,10.74,10.94,10.69,22970400
NET,2022-10-13,10.84,11.19,10.47,11.05,10.79,16873300
NET,2022-10-14,11.21,11.35,10.84,10.86,10.61,16788800
NET,2022-10-17,11.12,11.32,11.01,11.17,10.91,15550500
NET,2022-10-18,11.30,11.41,11.01,11.06,10.80,12142300
NET,2022-10-19,10.95,11.07,10.82,11.00,10.75,9362600
NET,2022-10-20,11.00,11.15,10.92,10.99,10.74,8217300
NET,2022-10-21,10.85,10.86,9.90,10.22,9.98,36001600
NET,2022-10-24,10.36,10.64,10.23,10.39,10.15,16608800
NET,2022-10-25,10.42,10.90,10.40,10.83,10.58,21239600
NET,2022-10-26,10.91,11.06,10.64,10.85,10.60,20299100
NET,2022-10-27,11.04,11.71,10.82,11.68,11.41,28777500
NET,2022-10-28,11.66,11.80,11.28,11.59,11.32,20158000
NET,2022-10-31,11.52,11.67,11.44,11.45,11.18,12278100
NET,2022-11-01,11.66,11.66,11.40,11.55,11.28,10646700
NET,2022-11-02,11.49,11.52,10.97,11.01,10.76,18180000
NET,2022-11-03,10.87,11.24,10.80,11.10,10.84,14350400
NET,2022-11-04,11.24,11.39,10.96,11.26,11.00,14255900
NET,2022-11-07,11.39,11.48,10.98,11.33,11.07,12428800
NET,2022-11-08,11.38,11.69,11.23,11.58,11.31,12931800
NET,2022-11-09,11.46,11.65,11.18,11.24,10.98,9284800
NET,2022-11-10,11.65,12.13,11.64,12.08,11.80,10904000
NET,2022-11-11,12.18,12.72,12.10,12.55,12.26,17460500
NET,2022-11-14,12.75,12.85,12.45,12.47,12.18,14046900
NET,2022-11-15,12.83,12.88,12.42,12.61,12.32,11464600
NET,2022-11-16,12.56,12.56,12.15,12.30,12.02,11719200
NET,2022-11-17,12.11,12.30,12.03,12.29,12.01,9402900
NET,2022-11-18,12.49,12.53,12.13,12.37,12.08,10081900
NET,2022-11-21,12.35,12.57,12.23,12.53,12.24,11170800
NET,2022-11-22,12.61,12.75,12.52,12.73,12.44,8550600
NET,2022-11-23,12.74,12.90,12.61,12.77,12.47,6298900
NET,2022-11-25,12.83,13.09,12.83,13.09,12.79,4253900
NET,2022-11-28,13.05,13.22,12.63,12.64,12.35,11033900
NET,2022-11-29,12.69,13.03,12.67,12.98,12.68,11953800
NET,2022-11-30,12.84,13.13,12.55,13.12,12.82,15360400
NET,2022-12-01,13.21,13.33,12.79,12.95,12.65,13718700
NET,2022-12-02,12.92,13.15,12.75,13.01,12.71,8236400
NET,2022-12-05,13.00,13.00,12.72,12.72,12.43,9489800
NET,2022-12-06,12.76,12.79,12.36,12.53,12.24,10824700
NET,2022-12-07,12.15,12.16,11.76,11.88,11.88,12932600
NET,2022-12-08,11.92,12.34,11.92,12.01,12.01,11087100
NET,2022-12-09,11.95,12.13,11.77,11.80,11.80,10369600
NET,2022-12-12,11.81,11.86,11.52,11.85,11.85,12263800
NET,2022-12-13,12.26,12.56,11.68,11.83,11.83,18107300
NET,2022-12-14,12.06,12.13,11.77,11.86,11.86,12858300
NET,2022-12-15,11.80,11.87,11.28,11.62,11.62,20333700
NET,2022-12-16,11.46,11.62,11.30,11.39,11.39,23731700
NET,2022-12-19,11.43,11.45,10.85,10.93,10.93,17945900
NET,2022-12-20,10.79,11.16,10.73,10.88,10.88,16196200
NET,2022-12-21,10.85,11.04,10.75,10.75,10.75,13233900
NET,2022-12-22,10.69,12.02,10.21,11.71,11.71,46067900
NET,2022-12-23,11.63,11.76,10.93,11.15,11.15,21158100
NET,2022-12-27,11.14,11.32,10.95,11.32,11.32,10348400
NET,2022-12-28,11.34,11.39,10.91,11.04,11.04,13719600
NET,2022-12-29,11.13,11.31,11.01,11.23,11.23,9336700
NET,2022-12-30,11.15,11.27,11.01,11.14,11.14,7981800
NET,2023-01-03,11.45,11.62,11.19,11.53,11.53,12650800
NET,2023-01-04,11.60,12.22,11.57,12.09,12.09,15613900
NET,2023-01-05,11.95,12.05,11.71,11.99,11.99,9970700
NET,2023-01-06,12.02,12.43,11.98,12.36,12.36,8762300
NET,2023-01-09,12.46,12.59,12.20,12.38,12.38,9786100
NET,2023-01-10,12.39,12.50,12.17,12.49,12.49,8581900
NET,2023-01-11,12.57,13.00,12.57,12.92,12.92,10140100
NET,2023-01-12,13.07,13.12,12.70,13.00,13.00,10365500
NET,2023-01-13,12.81,13.03,12.76,12.83,12.83,6635200
NET,2023-01-17,13.05,13.71,13.01,13.59,13.59,15789500
MPW,2022-01-18,24.03,24.04,23.67,23.77,21.98,3052500
MPW,2022-01-19,23.90,24.00,23.33,23.33,21.58,4184900
MPW,2022-01-20,23.43,23.60,22.75,22.75,21.04,3328600
MPW,2022-01-21,22.68,22.98,22.66,22.90,21.18,4338400
MPW,2022-01-24,22.59,23.01,22.20,22.99,21.26,5438000
MPW,2022-01-25,22.86,22.96,22.27,22.61,20.91,4610100
MPW,2022-01-26,22.84,23.13,22.23,22.30,20.63,5202500
MPW,2022-01-27,22.50,22.76,21.83,21.97,20.32,6198800
MPW,2022-01-28,21.97,22.25,21.36,22.25,20.58,6493000
MPW,2022-01-31,22.18,22.76,22.07,22.76,21.05,4421600
MPW,2022-02-01,22.80,22.93,22.60,22.79,21.08,3971900
MPW,2022-02-02,22.78,23.09,22.70,22.81,21.10,4747400
MPW,2022-02-03,22.56,23.18,22.01,22.17,20.50,5366500
MPW,2022-02-04,22.08,22.26,21.79,21.90,20.26,5325300
MPW,2022-02-07,21.94,22.07,21.44,21.46,19.85,4361900
MPW,2022-02-08,21.49,21.80,21.48,21.63,20.01,3665000
MPW,2022-02-09,21.90,22.11,21.74,21.87,20.23,3735700
MPW,2022-02-10,21.69,22.09,21.39,21.46,19.85,4569000
MPW,2022-02-11,21.56,21.99,21.44,21.67,20.04,4254600
MPW,2022-02-14,21.53,21.71,20.69,20.78,19.22,8061300
MPW,2022-02-15,20.82,20.99,20.32,20.40,18.87,12065000
MPW,2022-02-16,20.50,20.68,20.31,20.65,19.10,6389200
MPW,2022-02-17,20.62,20.64,20.39,20.48,18.94,3139200
MPW,2022-02-18,20.58,20.94,20.44,20.50,18.96,5076500
MPW,2022-02-22,20.44,20.64,20.23,20.42,18.89,4869300
MPW,2022-02-23,20.71,20.84,19.90,19.97,18.47,4570700
MPW,2022-02-24,19.65,20.14,19.61,20.02,18.52,8336600
MPW,2022-02-25,20.11,20.78,19.93,20.78,19.22,5371000
MPW,2022-02-28,20.47,20.57,20.11,20.34,18.81,4971700
MPW,2022-03-01,20.45,20.73,20.04,20.27,18.75,7545300
MPW,2022-03-02,20.25,20.54,20.24,20.43,18.90,6574100
MPW,2022-03-03,20.50,20.72,20.21,20.63,19.08,4049300
MPW,2022-03-04,20.47,20.55,20.26,20.49,18.95,6600900
MPW,2022-03-07,20.48,20.57,20.12,20.13,18.62,5283100
MPW,2022-03-08,20.19,20.54,19.96,20.29,18.77,5454200
MPW,2022-03-09,20.65,20.74,20.29,20.33,18.80,4526400
MPW,2022-03-10,20.26,20.69,20.20,20.61,19.06,3567600
MPW,2022-03-11,20.50,20.72,20.14,20.15,18.64,5211000
MPW,2022-03-14,20.20,20.38,19.88,19.99,18.49,4792900
MPW,2022-03-15,20.11,20.22,19.86,20.07,18.56,4478200
MPW,2022-03-16,19.94,20.12,19.51,19.94,18.71,5607400
MPW,2022-03-17,19.91,20.35,19.89,20.22,18.98,5918900
MPW,2022-03-18,20.02,20.54,20.01,20.50,19.24,9478300
MPW,2022-03-21,20.55,20.65,20.11,20.21,18.97,5354500
MPW,2022-03-22,20.25,20.53,20.22,20.36,19.11,5477100
MPW,2022-03-23,20.30,20.38,20.05,20.21,18.97,3793400
MPW,2022-03-24,20.26,20.42,20.20,20.40,19.14,3834600
MPW,2022-03-25,20.44,20.69,20.33,20.67,19.40,2850500
MPW,2022-03-28,20.65,20.96,20.49,20.94,19.65,4309600
MPW,2022-03-29,21.05,21.63,20.96,21.49,20.17,4613200
MPW,2022-03-30,21.41,21.47,21.18,21.37,20.05,4338400
MPW,2022-03-31,21.49,21.59,21.14,21.14,19.84,4946100
MPW,2022-04-01,21.15,21.55,21.10,21.54,20.21,3387400
MPW,2022-04-04,21.42,21.54,21.02,21.26,19.95,3811500
MPW,2022-04-05,21.26,21.38,20.72,20.77,19.49,4533300
MPW,2022-04-06,20.70,21.31,20.58,21.26,19.95,4324700
MPW,2022-04-07,21.25,21.25,20.91,21.13,19.83,3850400
MPW,2022-04-08,21.32,21.35,21.04,21.10,19.80,2675500
MPW,2022-04-11,21.15,21.25,20.48,20.53,19.27,4941200
MPW,2022-04-12,20.50,20.61,20.19,20.33,19.08,4130600
MPW,2022-04-13,20.12,20.34,19.89,20.31,19.06,5769000
MPW,2022-04-14,20.49,20.71,20.20,20.23,18.98,6115000
MPW,2022-04-18,20.11,20.19,19.42,19.52,18.32,7717800
MPW,2022-04-19,19.73,19.92,19.54,19.81,18.59,5862100
MPW,2022-04-20,19.83,20.30,19.68,20.19,18.95,5029900
MPW,2022-04-21,20.30,20.46,20.13,20.33,19.08,5437100
MPW,2022-04-22,19.93,19.97,18.74,18.76,17.61,10676900
MPW,2022-04-25,18.76,18.88,18.45,18.54,17.40,7741100
MPW,2022-04-26,18.44,18.51,18.07,18.12,17.00,7339000
MPW,2022-04-27,18.11,18.30,17.58,17.66,16.57,7322800
MPW,2022-04-28,18.05,18.85,17.99,18.73,17.58,6715600
MPW,2022-04-29,18.67,19.12,18.35,18.39,17.26,7782800
MPW,2022-05-02,18.40,18.63,17.60,18.03,16.92,7964200
MPW,2022-05-03,18.13,18.91,18.10,18.78,17.62,6328300
MPW,2022-05-04,18.60,18.96,18.29,18.96,17.79,6110100
MPW,2022-05-05,18.85,18.87,18.32,18.62,17.47,5201700
MPW,2022-05-06,18.46,18.54,18.12,18.42,17.29,5469600
MPW,2022-05-09,18.29,18.34,17.77,17.90,16.80,5182700
MPW,2022-05-10,18.05,18.14,17.42,17.56,16.48,6018500
MPW,2022-05-11,17.68,18.07,17.47,17.48,16.40,6257300
MPW,2022-05-12,17.49,17.90,17.38,17.88,16.78,4580300
MPW,2022-05-13,18.01,18.23,17.88,18.21,17.09,4826700
MPW,2022-05-16,18.17,18.30,18.06,18.12,17.00,4145100
MPW,2022-05-17,18.35,18.48,17.99,18.47,17.33,5258100
MPW,2022-05-18,18.49,18.55,18.02,18.12,17.00,3918100
MPW,2022-05-19,18.04,18.47,18.04,18.13,17.01,4264900
MPW,2022-05-20,18.24,18.35,17.69,18.07,16.96,5456200
MPW,2022-05-23,18.13,18.36,18.04,18.15,17.03,4076200
MPW,2022-05-24,18.15,18.58,17.82,18.47,17.33,4293600
MPW,2022-05-25,18.45,18.84,18.35,18.75,17.60,6874700
MPW,2022-05-26,18.85,18.87,18.55,18.58,17.44,4773400
MPW,2022-05-27,18.60,18.92,18.53,18.58,17.44,5959100
MPW,2022-05-31,18.46,18.69,18.36,18.58,17.44,7278900
MPW,2022-06-01,18.74,18.78,18.10,18.29,17.16,5005500
MPW,2022-06-02,18.22,18.36,17.72,18.02,16.91,10205800
MPW,2022-06-03,17.92,17.96,17.33,17.33,16.26,9654800
MPW,2022-06-06,17.44,17.52,16.94,16.99,15.94,10966900
MPW,2022-06-07,16.92,17.45,16.90,17.43,16.36,8076200
MPW,2022-06-08,17.35,17.35,16.83,16.88,15.84,6137400
MPW,2022-06-09,16.85,16.90,16.10,16.13,15.14,10863200
MPW,2022-06-10,16.00,16.23,15.78,15.99,15.01,10677900
MPW,2022-06-13,15.67,15.88,15.02,15.07,14.14,12633700
MPW,2022-06-14,15.18,15.25,14.76,14.94,14.02,12595100
MPW,2022-06-15,14.81,15.15,14.64,14.99,14.35,10868800
MPW,2022-06-16,14.68,14.74,14.28,14.34,13.72,12112000
MPW,2022-06-17,14.33,14.57,14.10,14.36,13.74,14740900
MPW,2022-06-21,14.51,14.81,14.48,14.66,14.03,7645000
MPW,2022-06-22,14.40,14.82,14.23,14.65,14.02,7510600
MPW,2022-06-23,14.69,15.08,14.68,15.05,14.40,5833600
MPW,2022-06-24,15.18,15.55,15.11,15.48,14.81,8098300
MPW,2022-06-27,15.48,15.92,15.34,15.72,15.04,8966700
MPW,2022-06-28,15.83,16.04,15.47,15.57,14.90,7445200
MPW,2022-06-29,15.52,15.97,15.51,15.94,15.26,6462000
MPW,2022-06-30,15.71,15.74,15.18,15.27,14.61,11457100
MPW,2022-07-01,15.21,15.71,15.16,15.64,14.97,6136100
MPW,2022-07-05,15.51,15.72,15.16,15.69,15.02,5624500
MPW,2022-07-06,15.77,15.85,15.59,15.60,14.93,5172700
MPW,2022-07-07,15.70,15.82,15.60,15.66,14.99,3752700
MPW,2022-07-08,15.69,15.83,15.51,15.59,14.92,3397900
MPW,2022-07-11,15.63,15.74,15.41,15.46,14.80,5392600
MPW,2022-07-12,15.38,15.95,15.38,15.81,15.13,5377600
MPW,2022-07-13,15.66,15.83,15.50,15.68,15.01,3614100
MPW,2022-07-14,15.37,15.60,15.23,15.55,14.88,4396700
MPW,2022-07-15,15.92,16.08,15.59,15.77,15.09,7826400
MPW,2022-07-18,15.85,16.02,15.71,15.81,15.13,6890000
MPW,2022-07-19,15.96,16.22,15.84,16.16,15.47,5239000
MPW,2022-07-20,16.23,16.34,16.03,16.12,15.43,3920400
MPW,2022-07-21,16.06,16.26,15.84,16.24,15.54,4914100
MPW,2022-07-22,16.35,16.63,16.35,16.55,15.84,6780100
MPW,2022-07-25,16.56,16.86,16.44,16.80,16.08,4232100
MPW,2022-07-26,16.80,16.88,16.62,16.69,15.97,3699600
MPW,2022-07-27,16.67,16.84,16.62,16.81,16.09,3343500
MPW,2022-07-28,16.75,17.25,16.41,16.92,16.19,6859600
MPW,2022-07-29,16.90,17.31,16.89,17.24,16.50,4656600
MPW,2022-08-01,17.23,17.28,17.05,17.20,16.46,5314900
MPW,2022-08-02,17.15,17.36,16.79,16.90,16.17,7621800
MPW,2022-08-03,16.49,17.08,15.82,16.07,15.38,16575300
MPW,2022-08-04,16.16,16.27,15.93,16.01,15.32,10894700
MPW,2022-08-05,16.08,16.30,15.67,15.88,15.20,6746200
MPW,2022-08-08,15.99,16.27,15.99,16.18,15.48,5986600
MPW,2022-08-09,16.10,16.23,15.98,16.22,15.52,5482800
MPW,2022-08-10,16.32,16.40,16.15,16.22,15.52,5701400
MPW,2022-08-11,16.25,16.59,16.25,16.32,15.62,7227900
MPW,2022-08-12,16.49,16.72,16.45,16.72,16.00,4250600
MPW,2022-08-15,16.71,16.81,16.64,16.68,15.96,4843000
MPW,2022-08-16,16.61,16.73,16.46,16.62,15.91,3869900
MPW,2022-08-17,16.48,16.60,16.36,16.50,15.79,3824700
MPW,2022-08-18,16.48,16.65,15.98,16.03,15.34,8270200
MPW,2022-08-19,15.97,16.05,15.84,15.95,15.26,7051100
MPW,2022-08-22,15.85,15.95,15.57,15.59,14.92,6102100
MPW,2022-08-23,15.61,15.67,15.02,15.04,14.39,14044800
MPW,2022-08-24,15.07,15.32,14.93,15.21,14.56,9534200
MPW,2022-08-25,15.30,15.45,15.21,15.43,14.77,5252600
MPW,2022-08-26,15.40,15.48,14.97,14.97,14.33,8277800
MPW,2022-08-29,14.96,15.11,14.77,14.85,14.21,9325700
MPW,2022-08-30,14.94,14.94,14.36,14.42,13.80,11351200
MPW,2022-08-31,14.56,14.66,14.38,14.61,13.98,10917100
MPW,2022-09-01,14.50,14.61,14.30,14.53,13.91,6363100
MPW,2022-09-02,14.67,14.71,14.30,14.32,13.70,7259600
MPW,2022-09-06,14.40,14.42,14.14,14.17,13.56,6362800
MPW,2022-09-07,14.16,14.52,14.07,14.50,13.88,7215600
MPW,2022-09-08,14.49,14.82,14.37,14.69,14.06,7160000
MPW,2022-09-09,14.76,14.90,14.68,14.85,14.21,5458700
MPW,2022-09-12,14.98,15.16,14.98,15.03,14.38,6127300
MPW,2022-09-13,14.79,14.79,14.23,14.29,13.68,16670400
MPW,2022-09-14,14.00,14.03,13.64,13.79,13.47,22707700
MPW,2022-09-15,13.85,14.04,13.56,13.69,13.37,13699800
MPW,2022-09-16,13.54,13.82,13.30,13.80,13.48,14976800
MPW,2022-09-19,13.64,13.65,13.38,13.52,13.21,13439900
MPW,2022-09-20,13.37,13.38,13.07,13.14,12.84,12609600
MPW,2022-09-21,13.23,13.54,12.98,12.98,12.68,11178500
MPW,2022-09-22,12.92,13.05,12.67,12.91,12.61,17189600
MPW,2022-09-23,12.74,12.77,12.19,12.48,12.19,17529000
MPW,2022-09-26,12.36,12.40,11.91,12.02,11.74,17678100
MPW,2022-09-27,12.13,12.24,11.76,11.93,11.65,14949100
MPW,2022-09-28,12.06,12.16,11.78,12.03,11.75,15537000
MPW,2022-09-29,11.89,11.99,11.35,11.44,11.18,20505500
MPW,2022-09-30,11.65,12.14,11.53,11.86,11.59,24995300
MPW,2022-10-03,11.86,11.97,11.30,11.55,11.28,22939000
MPW,2022-10-04,11.69,12.23,11.64,11.99,11.71,13877300
MPW,2022-10-05,11.63,11.76,11.17,11.40,11.14,17465800
MPW,2022-10-06,11.44,11.63,10.68,10.69,10.44,28675500
MPW,2022-10-07,10.52,10.58,10.00,10.14,9.91,32829900
MPW,2022-10-10,10.44,10.65,10.21,10.39,10.15,19960200
MPW,2022-10-11,10.50,11.04,10.31,10.98,10.73,24025400
MPW,2022-10-12,10.98,11.07,10.74,10.94,10.69,22970400
MPW,2022-10-13,10.84,11.19,10.47,11.05,10.79,16873300
MPW,2022-10-14,11.21,11.35,10.84,10.86,10.61,16788800
MPW,2022-10-17,11.12,11.32,11.01,11.17,10.91,15550500
MPW,2022-10-18,11.30,11.41,11.01,11.06,10.80,12142300
MPW,2022-10-19,10.95,11.07,10.82,11.00,10.75,9362600
MPW,2022-10-20,11.00,11.15,10.92,10.99,10.74,8217300
MPW,2022-10-21,10.85,10.86,9.90,10.22,9.98,36001600
MPW,2022-10-24,10.36,10.64,10.23,10.39,10.15,16608800
MPW,2022-10-25,10.42,10.90,10.40,10.83,10.58,21239600
MPW,2022-10-26,10.91,11.06,10.64,10.85,10.60,20299100
MPW,2022-10-27,11.04,11.71,10.82,11.68,11.41,28777500
MPW,2022-10-28,11.66,11.80,11.28,11.59,11.32,20158000
MPW,2022-10-31,11.52,11.67,11.44,11.45,11.18,12278100
MPW,2022-11-01,11.66,11.66,11.40,11.55,11.28,10646700
MPW,2022-11-02,11.49,11.52,10.97,11.01,10.76,18180000
MPW,2022-11-03,10.87,11.24,10.80,11.10,10.84,14350400
MPW,2022-11-04,11.24,11.39,10.96,11.26,11.00,14255900
MPW,2022-11-07,11.39,11.48,10.98,11.33,11.07,12428800
MPW,2022-11-08,11.38,11.69,11.23,11.58,11.31,12931800
MPW,2022-11-09,11.46,11.65,11.18,11.24,10.98,9284800
MPW,2022-11-10,11.65,12.13,11.64,12.08,11.80,10904000
MPW,2022-11-11,12.18,12.72,12.10,12.55,12.26,17460500
MPW,2022-11-14,12.75,12.85,12.45,12.47,12.18,14046900
MPW,2022-11-15,12.83,12.88,12.42,12.61,12.32,11464600
MPW,2022-11-16,12.56,12.56,12.15,12.30,12.02,11719200
MPW,2022-11-17,12.11,12.30,12.03,12.29,12.01,9402900
MPW,2022-11-18,12.49,12.53,12.13,12.37,12.08,10081900
MPW,2022-11-21,12.35,12.57,12.23,12.53,12.24,11170800
MPW,2022-11-22,12.61,12.75,12.52,12.73,12.44,8550600
MPW,2022-11-23,12.74,12.90,12.61,12.77,12.47,6298900
MPW,2022-11-25,12.83,13.09,12.83,13.09,12.79,4253900
MPW,2022-11-28,13.05,13.22,12.63,12.64,12.35,11033900
MPW,2022-11-29,12.69,13.03,12.67,12.98,12.68,11953800
MPW,2022-11-30,12.84,13.13,12.55,13.12,12.82,15360400
MPW,2022-12-01,13.21,13.33,12.79,12.95,12.65,13718700
MPW,2022-12-02,12.92,13.15,12.75,13.01,12.71,8236400
MPW,2022-12-05,13.00,13.00,12.72,12.72,12.43,9489800
MPW,2022-12-06,12.76,12.79,12.36,12.53,12.24,10824700
MPW,2022-12-07,12.15,12.16,11.76,11.88,11.88,12932600
MPW,2022-12-08,11.92,12.34,11.92,12.01,12.01,11087100
MPW,2022-12-09,11.95,12.13,11.77,11.80,11.80,10369600
MPW,2022-12-12,11.81,11.86,11.52,11.85,11.85,12263800
MPW,2022-12-13,12.26,12.56,11.68,11.83,11.83,18107300
MPW,2022-12-14,12.06,12.13,11.77,11.86,11.86,12858300
MPW,2022-12-15,11.80,11.87,11.28,11.62,11.62,20333700
MPW,2022-12-16,11.46,11.62,11.30,11.39,11.39,23731700
MPW,2022-12-19,11.43,11.45,10.85,10.93,10.93,17945900
MPW,2022-12-20,10.79,11.16,10.73,10.88,10.88,16196200
MPW,2022-12-21,10.85,11.04,10.75,10.75,10.75,13233900
MPW,2022-12-22,10.69,12.02,10.21,11.71,11.71,46067900
MPW,2022-12-23,11.63,11.76,10.93,11.15,11.15,21158100
MPW,2022-12-27,11.14,11.32,10.95,11.32,11.32,10348400
MPW,2022-12-28,11.34,11.39,10.91,11.04,11.04,13719600
MPW,2022-12-29,11.13,11.31,11.01,11.23,11.23,9336700
MPW,2022-12-30,11.15,11.27,11.01,11.14,11.14,7981800
MPW,2023-01-03,11.45,11.62,11.19,11.53,11.53,12650800
MPW,2023-01-04,11.60,12.22,11.57,12.09,12.09,15613900
MPW,2023-01-05,11.95,12.05,11.71,11.99,11.99,9970700
MPW,2023-01-06,12.02,12.43,11.98,12.36,12.36,8762300
MPW,2023-01-09,12.46,12.59,12.20,12.38,12.38,9786100
MPW,2023-01-10,12.39,12.50,12.17,12.49,12.49,8581900
MPW,2023-01-11,12.57,13.00,12.57,12.92,12.92,10140100
MPW,2023-01-12,13.07,13.12,12.70,13.00,13.00,10365500
MPW,2023-01-13,12.81,13.03,12.76,12.83,12.83,6635200
MPW,2023-01-17,13.05,13.71,13.01,13.59,13.59,15789500
EMR,2022-01-18,96.77,97.14,95.65,96.37,94.17,2777100
EMR,2022-01-19,96.56,96.94,94.84,94.92,92.75,2145000
EMR,2022-01-20,95.20,96.30,93.45,93.65,91.51,2417700
EMR,2022-01-21,93.84,94.71,92.67,93.20,91.07,3253500
EMR,2022-01-24,92.01,93.42,89.66,93.04,90.92,4210100
EMR,2022-01-25,91.41,92.05,89.81,91.21,89.13,3723000
EMR,2022-01-26,92.37,92.86,89.93,90.58,88.51,4230000
EMR,2022-01-27,91.43,92.74,89.94,90.63,88.56,2470700
EMR,2022-01-28,90.13,90.77,88.65,90.71,88.64,2937100
EMR,2022-01-31,90.70,92.09,89.85,91.95,89.85,3710300
EMR,2022-02-01,91.95,92.56,91.10,92.48,90.37,4371700
EMR,2022-02-02,94.26,97.76,94.25,97.56,95.33,4920800
EMR,2022-02-03,96.42,98.48,96.28,96.59,94.39,3306500
EMR,2022-02-04,96.57,97.13,94.10,95.38,93.20,4979300
EMR,2022-02-07,95.69,96.36,94.56,95.73,93.55,4505600
EMR,2022-02-08,96.12,97.67,95.72,97.12,94.90,4809400
EMR,2022-02-09,98.10,98.63,97.64,98.42,96.17,3700500
EMR,2022-02-10,96.99,98.84,96.49,96.87,95.16,4274400
EMR,2022-02-11,97.05,97.91,94.21,94.74,93.07,3620200
EMR,2022-02-14,95.07,95.07,92.95,93.97,92.31,2698400
EMR,2022-02-15,94.85,95.61,94.31,94.88,93.20,3251900
EMR,2022-02-16,94.69,96.24,94.64,95.87,94.18,3059800
EMR,2022-02-17,95.08,95.34,92.78,93.19,91.54,2689800
EMR,2022-02-18,93.10,93.96,92.28,92.77,91.13,2413300
EMR,2022-02-22,92.44,93.47,91.84,92.74,91.10,2891700
EMR,2022-02-23,93.07,93.10,90.61,90.91,89.30,2687100
EMR,2022-02-24,89.39,90.39,87.95,90.00,88.41,4244300
EMR,2022-02-25,90.07,93.25,90.07,92.82,91.18,2864900
EMR,2022-02-28,91.77,93.51,91.45,92.92,91.28,3874100
EMR,2022-03-01,92.88,93.33,89.05,89.51,87.93,3558100
EMR,2022-03-02,90.12,93.77,90.09,93.23,91.58,3281400
EMR,2022-03-03,93.98,94.28,92.21,93.22,91.57,2510000
EMR,2022-03-04,91.64,92.13,90.80,91.58,89.96,3063600
EMR,2022-03-07,91.73,93.50,90.88,91.64,90.02,3546900
EMR,2022-03-08,92.19,96.90,92.14,93.70,92.04,4872400
EMR,2022-03-09,97.37,97.39,94.11,94.39,92.72,4150400
EMR,2022-03-10,94.12,95.00,93.61,94.74,93.07,3302200
EMR,2022-03-11,95.39,96.46,92.86,93.00,91.36,3239600
EMR,2022-03-14,93.56,94.13,91.28,92.32,90.69,3629000
EMR,2022-03-15,92.86,93.05,91.06,92.65,91.01,3984100
EMR,2022-03-16,93.11,94.53,91.55,93.76,92.10,4378800
EMR,2022-03-17,93.47,95.61,93.11,95.49,93.80,3643300
EMR,2022-03-18,95.35,97.28,93.87,97.00,95.29,16105100
EMR,2022-03-21,97.84,98.92,97.29,98.20,96.46,3708100
EMR,2022-03-22,98.65,98.98,97.21,98.02,96.29,3266600
EMR,2022-03-23,97.66,98.18,97.17,97.29,95.57,2299600
EMR,2022-03-24,98.45,98.70,97.42,97.77,96.04,2122800
EMR,2022-03-25,97.76,98.58,97.47,98.51,96.77,2136000
EMR,2022-03-28,97.62,98.24,96.83,98.22,96.48,2184300
EMR,2022-03-29,98.74,99.35,96.55,99.06,97.31,2913400
EMR,2022-03-30,98.69,99.95,98.59,98.98,97.23,1596100
EMR,2022-03-31,98.79,100.00,98.00,98.05,96.32,2786700
EMR,2022-04-01,99.08,99.38,97.71,98.42,96.68,2413900
EMR,2022-04-04,98.08,98.70,97.15,98.30,96.56,2633400
EMR,2022-04-05,98.21,98.59,96.14,96.56,94.85,2741900
EMR,2022-04-06,95.40,96.76,94.84,96.18,94.48,2839200
EMR,2022-04-07,95.56,96.19,94.84,95.89,94.20,2853100
EMR,2022-04-08,96.13,96.22,94.05,94.57,92.90,3660300
EMR,2022-04-11,94.65,94.92,92.96,93.18,91.53,2798200
EMR,2022-04-12,93.59,94.44,92.40,92.82,91.18,2193300
EMR,2022-04-13,92.86,93.71,92.46,93.31,91.66,2020200
EMR,2022-04-14,93.59,93.96,92.66,92.86,91.22,5320000
EMR,2022-04-18,92.63,94.53,92.63,93.97,92.31,2051900
EMR,2022-04-19,94.64,95.88,94.17,95.69,94.00,2314800
EMR,2022-04-20,96.52,97.57,96.51,97.14,95.42,2055400
EMR,2022-04-21,97.98,99.03,96.46,96.71,95.00,2217600
EMR,2022-04-22,96.04,96.33,93.47,93.60,91.95,2565500
EMR,2022-04-25,92.91,93.00,89.60,92.21,90.58,2635500
EMR,2022-04-26,91.60,92.43,89.65,89.67,88.09,2508900
EMR,2022-04-27,89.84,91.50,89.53,90.61,89.01,1992000
EMR,2022-04-28,91.28,92.56,90.15,92.31,90.68,2320500
EMR,2022-04-29,91.99,92.53,89.99,90.18,88.59,2975000
EMR,2022-05-02,89.77,91.45,88.40,90.43,88.83,3409900
EMR,2022-05-03,89.83,91.05,88.90,90.48,88.88,3330500
EMR,2022-05-04,85.76,91.74,83.42,91.34,89.73,5737200
EMR,2022-05-05,91.26,91.83,88.20,89.23,87.65,2973100
EMR,2022-05-06,88.89,88.89,86.69,88.01,86.45,3262300
EMR,2022-05-09,86.56,86.75,83.93,84.41,82.92,4179300
EMR,2022-05-10,85.16,85.56,83.12,83.61,82.13,3286500
EMR,2022-05-11,83.96,85.33,82.96,83.13,81.66,3788900
EMR,2022-05-12,82.42,83.06,81.01,82.75,81.79,3683000
EMR,2022-05-13,83.20,84.35,82.52,83.68,82.71,3580400
EMR,2022-05-16,83.57,85.03,82.85,84.45,83.47,3454800
EMR,2022-05-17,86.29,87.27,85.77,86.39,85.39,4136200
EMR,2022-05-18,86.04,86.28,83.21,83.56,82.60,3346400
EMR,2022-05-19,82.75,84.37,82.27,83.30,82.34,2834100
EMR,2022-05-20,83.80,84.26,81.64,83.64,82.67,3120900
EMR,2022-05-23,84.13,85.19,83.69,84.97,83.99,2822300
EMR,2022-05-24,84.29,84.71,82.42,83.89,82.92,3318300
EMR,2022-05-25,83.75,84.48,82.96,84.23,83.26,2781600
EMR,2022-05-26,85.27,87.15,85.11,86.60,85.60,3062100
EMR,2022-05-27,86.81,88.44,86.81,88.40,87.38,2004800
EMR,2022-05-31,87.46,89.54,86.85,88.66,87.64,4198500
EMR,2022-06-01,89.09,89.46,87.63,88.57,87.55,2797300
EMR,2022-06-02,89.54,90.35,87.99,89.88,88.84,3016900
EMR,2022-06-03,89.29,90.37,89.23,90.28,89.24,2541900
EMR,2022-06-06,91.10,91.39,90.06,90.25,89.21,1675700
EMR,2022-06-07,89.41,91.68,89.21,91.53,90.47,2007600
EMR,2022-06-08,91.67,92.22,90.90,91.15,90.10,1704100
EMR,2022-06-09,90.22,91.27,89.84,89.94,88.90,2195100
EMR,2022-06-10,88.81,88.81,86.77,87.06,86.05,2982400
EMR,2022-06-13,85.00,86.37,84.34,85.28,84.30,3161400
EMR,2022-06-14,85.41,86.17,83.97,84.70,83.72,2091200
EMR,2022-06-15,85.39,86.64,84.22,85.46,84.47,2630800
EMR,2022-06-16,83.30,83.79,80.75,81.00,80.06,4639300
EMR,2022-06-17,80.48,81.39,78.54,78.65,77.74,6444800
EMR,2022-06-21,79.85,81.21,79.15,80.22,79.29,3034100
EMR,2022-06-22,78.48,79.50,77.73,78.47,77.56,3985100
EMR,2022-06-23,78.59,79.02,76.77,77.79,76.89,4619100
EMR,2022-06-24,78.72,82.09,78.47,82.03,81.08,5699700
EMR,2022-06-27,82.57,82.80,81.58,82.49,81.54,2643800
EMR,2022-06-28,83.09,84.11,81.39,81.52,80.58,2934900
EMR,2022-06-29,81.58,81.64,79.84,80.51,79.58,2032600
EMR,2022-06-30,79.28,80.31,78.97,79.54,78.62,2861100
EMR,2022-07-01,79.64,81.05,79.22,80.36,79.43,2286300
EMR,2022-07-05,78.76,79.27,77.97,79.13,78.22,3048300
EMR,2022-07-06,79.35,80.57,78.25,79.75,78.83,3111100
EMR,2022-07-07,80.47,81.00,79.72,80.87,79.94,3097400
EMR,2022-07-08,81.30,81.49,79.70,80.67,79.74,2295400
EMR,2022-07-11,79.95,80.67,79.74,80.26,79.33,1755600
EMR,2022-07-12,79.67,80.64,78.78,79.05,78.14,2809200
EMR,2022-07-13,77.77,79.45,77.62,78.64,77.73,2632000
EMR,2022-07-14,76.77,77.75,76.16,77.67,76.77,2513200
EMR,2022-07-15,78.95,79.68,78.18,79.60,78.68,2675400
EMR,2022-07-18,80.36,80.70,79.04,79.36,78.44,1726800
EMR,2022-07-19,80.35,82.38,80.01,82.24,81.29,1826200
EMR,2022-07-20,82.59,82.86,81.81,82.63,81.68,1909300
EMR,2022-07-21,82.57,83.80,82.30,83.70,82.73,2042100
EMR,2022-07-22,84.11,84.33,82.49,83.10,82.14,1932400
EMR,2022-07-25,83.50,84.43,82.82,84.19,83.22,2033800
EMR,2022-07-26,84.55,85.29,83.89,84.07,83.10,2490300
EMR,2022-07-27,84.45,86.98,84.22,86.36,85.36,2595700
EMR,2022-07-28,87.21,88.64,86.93,88.39,87.37,2960200
EMR,2022-07-29,88.72,90.50,88.51,90.07,89.03,3568200
EMR,2022-08-01,89.20,89.77,88.45,89.34,88.31,1823700
EMR,2022-08-02,88.84,89.85,88.41,89.11,88.08,2173200
EMR,2022-08-03,89.40,90.10,88.78,89.82,88.78,1524200
EMR,2022-08-04,90.05,90.16,89.36,89.59,88.56,2082100
EMR,2022-08-05,89.27,90.45,89.07,90.39,89.35,2425600
EMR,2022-08-08,91.13,91.22,89.43,90.03,88.99,3600400
EMR,2022-08-09,87.69,87.91,86.08,86.59,85.59,4884300
EMR,2022-08-10,88.35,88.35,87.04,87.54,86.53,3428600
EMR,2022-08-11,87.97,88.83,87.40,87.49,86.99,2929400
EMR,2022-08-12,87.55,89.25,87.55,89.22,88.71,2425600
EMR,2022-08-15,88.30,88.98,87.66,88.84,88.33,2014300
EMR,2022-08-16,88.53,90.17,88.53,89.95,89.44,2817600
EMR,2022-08-17,88.82,89.37,88.36,88.86,88.35,1966600
EMR,2022-08-18,89.44,90.52,89.00,90.29,89.78,2159000
EMR,2022-08-19,89.62,89.76,88.44,88.68,88.17,1880700
EMR,2022-08-22,87.11,87.44,85.92,86.25,85.76,2500100
EMR,2022-08-23,86.36,87.56,86.17,86.73,86.24,2562000
EMR,2022-08-24,86.94,87.25,86.28,86.94,86.44,1423700
EMR,2022-08-25,87.59,88.06,87.05,87.97,87.47,1964100
EMR,2022-08-26,88.16,88.16,84.60,84.66,84.18,2038300
EMR,2022-08-29,83.93,85.26,83.69,84.82,84.34,2001800
EMR,2022-08-30,85.00,85.05,82.93,83.32,82.85,2147400
EMR,2022-08-31,83.47,83.63,81.59,81.74,81.27,3576400
EMR,2022-09-01,81.04,82.07,80.41,82.01,81.54,2387800
EMR,2022-09-02,83.02,83.32,81.20,81.75,81.28,4156300
EMR,2022-09-06,82.24,82.29,80.63,81.51,81.05,3096300
EMR,2022-09-07,81.29,82.64,81.02,82.24,81.77,4764800
EMR,2022-09-08,81.79,83.72,81.57,83.67,83.19,2588000
EMR,2022-09-09,84.24,84.97,83.98,84.71,84.23,2512800
EMR,2022-09-12,85.31,85.71,84.88,85.56,85.07,2038100
EMR,2022-09-13,83.71,84.30,82.11,82.49,82.02,1993700
EMR,2022-09-14,82.38,82.76,81.53,82.30,81.83,2180500
EMR,2022-09-15,82.12,82.52,80.25,80.52,80.06,2220200
EMR,2022-09-16,79.26,79.44,77.95,78.21,77.76,5214600
EMR,2022-09-19,77.34,79.73,77.32,79.60,79.15,2484700
EMR,2022-09-20,78.77,78.83,77.15,78.02,77.58,3269800
EMR,2022-09-21,78.86,79.08,76.52,76.52,76.08,2235300
EMR,2022-09-22,76.48,76.98,75.50,75.53,75.10,2459500
EMR,2022-09-23,74.49,74.62,72.87,73.84,73.42,3258200
EMR,2022-09-26,73.53,74.56,72.92,73.14,72.72,2668300
EMR,2022-09-27,74.12,74.40,72.41,73.06,72.64,2658800
EMR,2022-09-28,74.02,75.52,73.33,75.02,74.59,3851100
EMR,2022-09-29,74.23,74.35,73.03,74.20,73.78,2304400
EMR,2022-09-30,74.18,74.83,73.11,73.22,72.80,2768000
EMR,2022-10-03,74.29,76.21,73.94,75.54,75.11,2950600
EMR,2022-10-04,77.18,78.52,77.05,78.25,77.80,2947400
EMR,2022-10-05,78.99,80.34,77.84,79.77,79.32,4965800
EMR,2022-10-06,79.13,80.81,79.13,79.47,79.02,3696900
EMR,2022-10-07,78.95,79.07,76.97,77.83,77.39,4655300
EMR,2022-10-10,78.64,78.90,77.36,78.37,77.92,4016800
EMR,2022-10-11,78.00,78.90,77.31,78.00,77.56,4205900
EMR,2022-10-12,78.16,78.75,77.43,77.50,77.06,2565100
EMR,2022-10-13,76.53,81.12,76.08,80.79,80.33,4100000
EMR,2022-10-14,81.06,81.16,77.92,78.22,77.77,3237200
EMR,2022-10-17,79.86,80.57,79.39,80.07,79.61,2649400
EMR,2022-10-18,81.78,82.08,80.36,81.60,81.14,2610700
EMR,2022-10-19,81.38,81.80,80.49,81.20,80.74,3058100
EMR,2022-10-20,81.25,81.72,79.64,80.15,79.69,2547500
EMR,2022-10-21,80.51,83.36,80.31,83.16,82.69,3168200
EMR,2022-10-24,83.65,84.50,83.19,83.89,83.41,2274600
EMR,2022-10-25,83.44,84.76,83.33,84.55,84.07,2385500
EMR,2022-10-26,84.97,85.95,83.99,85.20,84.71,2014700
EMR,2022-10-27,86.42,87.18,85.77,85.89,85.40,2412300
EMR,2022-10-28,86.15,87.52,85.55,87.40,86.90,2499400
EMR,2022-10-31,87.67,88.21,86.39,86.60,86.11,6653600
EMR,2022-11-01,86.40,87.23,84.18,85.85,85.36,4960400
EMR,2022-11-02,85.73,88.45,84.68,84.95,84.47,6772100
EMR,2022-11-03,84.15,88.33,84.15,87.01,86.51,5364900
EMR,2022-11-04,88.75,89.64,88.16,89.09,88.58,5107000
EMR,2022-11-07,89.69,91.53,89.37,91.24,90.72,3754800
EMR,2022-11-08,91.13,92.93,90.53,91.26,90.74,3714600
EMR,2022-11-09,90.11,92.25,89.99,90.12,90.12,3517100
EMR,2022-11-10,92.78,94.21,91.79,94.00,94.00,4138200
EMR,2022-11-11,94.11,96.36,94.02,95.44,95.44,4345200
EMR,2022-11-14,94.49,96.22,94.04,94.79,94.79,3046900
EMR,2022-11-15,95.50,97.02,95.16,96.18,96.18,3685700
EMR,2022-11-16,96.08,96.23,95.05,95.23,95.23,2820600
EMR,2022-11-17,93.77,94.65,93.63,94.61,94.61,2742800
EMR,2022-11-18,95.82,96.15,93.49,93.70,93.70,4213500
EMR,2022-11-21,93.36,94.83,93.15,94.67,94.67,3054200
EMR,2022-11-22,95.25,96.30,95.18,96.02,96.02,2571500
EMR,2022-11-23,95.90,96.61,95.20,95.89,95.89,2901000
EMR,2022-11-25,95.89,96.65,95.26,96.12,96.12,1324800
EMR,2022-11-28,94.84,95.31,93.63,94.22,94.22,3934600
EMR,2022-11-29,94.40,94.64,93.29,94.31,94.31,3414700
EMR,2022-11-30,94.46,95.77,93.27,95.77,95.77,4132900
EMR,2022-12-01,95.75,96.07,94.58,95.64,95.64,2893200
EMR,2022-12-02,94.79,97.11,94.72,96.87,96.87,3736500
EMR,2022-12-05,95.80,96.77,95.09,95.15,95.15,3202400
EMR,2022-12-06,95.20,95.65,93.42,94.35,94.35,3281200
EMR,2022-12-07,94.01,95.09,93.75,94.71,94.71,4378700
EMR,2022-12-08,95.19,95.64,94.58,94.93,94.93,2718800
EMR,2022-12-09,95.21,95.89,94.05,94.19,94.19,2579600
EMR,2022-12-12,94.59,96.20,94.36,96.15,96.15,2869500
EMR,2022-12-13,98.00,98.88,97.31,98.07,98.07,4060700
EMR,2022-12-14,98.45,99.09,97.36,97.72,97.72,4101200
EMR,2022-12-15,96.15,96.92,94.73,95.25,95.25,4251500
EMR,2022-12-16,94.32,95.43,93.89,94.96,94.96,5704700
EMR,2022-12-19,94.98,95.93,94.33,94.58,94.58,3527500
EMR,2022-12-20,94.59,95.85,94.59,95.04,95.04,3678300
EMR,2022-12-21,95.73,97.27,95.58,96.78,96.78,3541900
EMR,2022-12-22,96.02,96.72,93.83,95.08,95.08,4534200
EMR,2022-12-23,94.75,96.04,94.59,95.54,95.54,2977700
EMR,2022-12-27,95.85,96.73,95.54,96.66,96.66,3330000
EMR,2022-12-28,96.74,97.23,95.13,95.26,95.26,2222800
EMR,2022-12-29,95.84,96.68,95.81,96.36,96.36,1830000
EMR,2022-12-30,95.95,96.25,95.14,96.06,96.06,1422900
EMR,2023-01-03,96.60,96.99,94.95,96.11,96.11,2519100
EMR,2023-01-04,95.78,95.78,93.86,95.42,95.42,3965500
EMR,2023-01-05,94.80,95.49,93.98,95.01,95.01,2480000
EMR,2023-01-06,96.31,98.45,95.90,97.95,97.95,2610900
EMR,2023-01-09,98.42,99.65,97.20,97.26,97.26,3147700
EMR,2023-01-10,97.32,97.94,96.84,97.82,97.82,2929300
EMR,2023-01-11,98.34,98.34,97.27,98.20,98.20,2718800
EMR,2023-01-12,99.00,99.28,98.02,98.05,98.05,2524600
EMR,2023-01-13,97.48,98.05,97.05,97.92,97.92,2229200
EMR,2023-01-17,95.45,95.45,90.43,91.24,91.24,8795100
PFE,2022-01-18,54.50,54.55,53.43,54.11,52.41,35598000
PFE,2022-01-19,53.65,54.49,53.45,53.54,51.86,27300400
PFE,2022-01-20,53.96,54.52,53.07,54.05,52.35,35105300
PFE,2022-01-21,54.42,54.87,52.46,52.79,51.13,41059000
PFE,2022-01-24,51.75,52.06,49.82,51.54,49.92,59036400
PFE,2022-01-25,51.36,52.84,51.24,52.54,50.89,43983200
PFE,2022-01-26,52.57,53.62,52.46,53.01,51.34,39644800
PFE,2022-01-27,53.02,54.58,53.00,53.37,52.08,36957200
PFE,2022-01-28,53.77,54.67,53.10,54.33,53.02,28590400
PFE,2022-01-31,54.00,54.14,52.39,52.69,51.42,38644600
PFE,2022-02-01,52.74,53.16,52.39,53.07,51.79,27883300
PFE,2022-02-02,52.84,54.13,52.45,53.86,52.56,32039300
PFE,2022-02-03,53.33,53.89,53.09,53.38,52.09,22635800
PFE,2022-02-04,53.02,53.43,52.63,53.00,51.72,24932200
PFE,2022-02-07,53.30,53.58,52.24,53.21,51.93,32358500
PFE,2022-02-08,50.64,51.80,49.69,51.70,50.45,67922000
PFE,2022-02-09,51.64,51.72,50.90,51.47,50.23,38522200
PFE,2022-02-10,51.04,51.37,50.39,50.60,49.38,34200600
PFE,2022-02-11,50.33,51.24,50.08,50.78,49.56,34997800
PFE,2022-02-14,49.82,50.50,48.48,49.80,48.60,42973100
PFE,2022-02-15,49.80,50.04,49.21,49.79,48.59,29150000
PFE,2022-02-16,49.59,50.78,49.43,49.68,48.48,27672600
PFE,2022-02-17,49.81,49.96,48.75,48.90,47.72,21231700
PFE,2022-02-18,48.78,49.52,48.20,48.53,47.36,26955300
PFE,2022-02-22,47.54,48.31,47.35,47.53,46.38,34814800
PFE,2022-02-23,47.59,48.16,46.78,46.87,45.74,25793000
PFE,2022-02-24,45.86,46.76,45.40,45.96,44.85,44227300
PFE,2022-02-25,45.81,48.03,45.74,47.72,46.57,31199200
PFE,2022-02-28,46.82,47.17,46.34,46.94,45.81,35296100
PFE,2022-03-01,46.69,47.14,45.44,45.75,44.65,29854500
PFE,2022-03-02,46.11,47.93,46.00,47.70,46.55,36516200
PFE,2022-03-03,47.68,48.59,47.48,47.83,46.68,30553300
PFE,2022-03-04,47.50,48.77,47.41,48.65,47.48,33217300
PFE,2022-03-07,48.25,48.84,47.52,47.98,46.82,33171300
PFE,2022-03-08,47.58,48.42,46.47,47.44,46.30,32913300
PFE,2022-03-09,48.13,49.22,48.00,48.75,47.58,24718900
PFE,2022-03-10,48.31,49.29,48.05,49.20,48.01,24542300
PFE,2022-03-11,49.14,50.90,48.94,50.27,49.06,33701900
PFE,2022-03-14,50.72,52.91,50.39,52.25,50.99,42314500
PFE,2022-03-15,52.62,52.92,51.18,52.21,50.95,30172100
PFE,2022-03-16,52.54,53.27,52.18,52.92,51.65,29891400
PFE,2022-03-17,52.92,54.25,52.79,54.24,52.93,30598600
PFE,2022-03-18,54.38,55.00,53.71,54.51,53.20,51815000
PFE,2022-03-21,54.24,55.30,53.90,54.19,52.88,34592500
PFE,2022-03-22,54.20,54.32,52.50,53.04,51.76,32253600
PFE,2022-03-23,53.02,53.50,52.16,52.19,50.93,29183700
PFE,2022-03-24,52.54,52.85,52.29,52.59,51.32,25177500
PFE,2022-03-25,52.74,53.25,52.51,52.78,51.51,17429600
PFE,2022-03-28,52.53,53.56,52.50,53.28,52.00,21863700
PFE,2022-03-29,54.00,54.08,52.62,52.74,51.47,39970000
PFE,2022-03-30,53.20,53.72,51.97,52.44,51.18,27599600
PFE,2022-03-31,52.00,52.88,51.74,51.77,50.52,26055200
PFE,2022-04-01,52.12,52.16,51.10,51.57,50.33,19073100
PFE,2022-04-04,51.78,51.87,50.37,50.94,49.71,20462800
PFE,2022-04-05,50.81,52.15,50.75,51.24,50.01,21176700
PFE,2022-04-06,51.16,53.09,51.16,52.87,51.60,31717500
PFE,2022-04-07,52.50,55.41,52.50,55.16,53.83,36305700
PFE,2022-04-08,54.85,55.58,54.46,55.17,53.84,24612200
PFE,2022-04-11,55.46,56.32,53.78,53.93,52.63,22054300
PFE,2022-04-12,53.30,53.93,52.65,53.11,51.83,22810700
PFE,2022-04-13,53.13,53.82,52.70,53.10,51.82,15777800
PFE,2022-04-14,53.40,53.91,53.04,53.12,51.84,17240100
PFE,2022-04-18,52.83,53.11,51.63,51.84,50.59,17065000
PFE,2022-04-19,51.66,51.88,49.37,50.18,48.97,33441500
PFE,2022-04-20,50.00,50.16,49.21,49.75,48.55,24751800
PFE,2022-04-21,49.93,50.01,48.92,49.11,47.93,19105600
PFE,2022-04-22,48.95,49.10,47.90,48.13,46.97,22156800
PFE,2022-04-25,47.85,49.19,47.12,48.95,47.77,27390600
PFE,2022-04-26,48.99,50.25,48.92,49.03,47.85,25366500
PFE,2022-04-27,49.11,49.91,48.21,49.74,48.54,25819200
PFE,2022-04-28,50.44,50.77,49.49,50.51,49.29,28225400
PFE,2022-04-29,49.87,50.34,49.00,49.07,47.89,28343300
PFE,2022-05-02,47.68,48.76,47.46,48.34,47.18,36228400
PFE,2022-05-03,48.87,50.04,47.70,49.29,48.10,33716900
PFE,2022-05-04,48.89,49.87,47.91,49.66,48.46,28613700
PFE,2022-05-05,49.46,49.55,47.55,48.45,47.28,28333000
PFE,2022-05-06,48.09,49.22,48.04,49.04,47.86,19891400
PFE,2022-05-09,48.38,49.17,47.77,48.64,47.47,25012300
PFE,2022-05-10,49.04,49.90,48.69,49.49,48.30,27335900
PFE,2022-05-11,49.07,50.24,49.03,49.45,48.26,29699500
PFE,2022-05-12,49.00,50.43,48.72,50.39,49.58,33468400
PFE,2022-05-13,50.38,50.79,49.68,49.92,49.11,22423700
PFE,2022-05-16,49.87,51.05,49.87,50.67,49.85,19435600
PFE,2022-05-17,50.95,51.52,50.18,51.34,50.51,19918200
PFE,2022-05-18,51.22,51.42,50.16,50.40,49.59,22276000
PFE,2022-05-19,50.00,50.89,49.59,50.65,49.83,19865500
PFE,2022-05-20,51.27,52.70,51.13,52.47,51.62,31250400
PFE,2022-05-23,52.58,53.70,52.48,52.88,52.03,24035800
PFE,2022-05-24,52.71,53.61,52.71,53.41,52.55,26729800
PFE,2022-05-25,53.20,54.05,53.05,53.71,52.84,24003900
PFE,2022-05-26,54.06,54.92,53.88,53.99,53.12,23516300
PFE,2022-05-27,53.92,54.41,53.52,53.91,53.04,21407500
PFE,2022-05-31,53.32,53.50,51.94,53.04,52.18,66058200
PFE,2022-06-01,53.25,53.28,51.84,52.37,51.53,17430600
PFE,2022-06-02,52.37,52.74,51.04,52.68,51.83,21903400
PFE,2022-06-03,52.46,53.53,52.46,53.20,52.34,18125000
PFE,2022-06-06,53.19,53.72,53.00,53.26,52.40,16544400
PFE,2022-06-07,53.28,53.97,53.01,53.96,53.09,15091200
PFE,2022-06-08,54.06,54.56,53.41,53.47,52.61,12789800
PFE,2022-06-09,53.27,53.65,51.70,51.78,50.94,17572700
PFE,2022-06-10,51.31,51.37,49.95,49.97,49.16,23826000
PFE,2022-06-13,48.82,49.28,47.71,47.91,47.14,26989000
PFE,2022-06-14,47.75,48.47,47.22,47.92,47.15,23290300
PFE,2022-06-15,47.88,48.98,47.18,48.51,47.73,25748000
PFE,2022-06-16,47.69,48.00,47.06,47.48,46.71,20424500
PFE,2022-06-17,47.38,48.03,46.28,46.53,45.78,45047700
PFE,2022-06-21,47.32,48.44,46.95,48.11,47.33,19622100
PFE,2022-06-22,48.03,49.58,47.77,49.07,48.28,20382900
PFE,2022-06-23,49.23,50.17,48.98,50.09,49.28,20061700
PFE,2022-06-24,50.65,51.64,50.30,51.59,50.76,24343200
PFE,2022-06-27,51.48,52.23,51.26,51.88,51.04,16154300
PFE,2022-06-28,51.83,51.97,50.41,50.66,49.84,16417900
PFE,2022-06-29,50.73,51.44,50.66,50.94,50.12,13925700
PFE,2022-06-30,51.69,52.89,51.09,52.43,51.58,33495700
PFE,2022-07-01,52.04,52.37,51.25,52.31,51.47,16143300
PFE,2022-07-05,51.75,51.89,50.40,51.64,50.81,18406800
PFE,2022-07-06,51.64,52.96,51.58,52.75,51.90,21305500
PFE,2022-07-07,52.95,53.54,52.79,53.42,52.56,17847600
PFE,2022-07-08,53.05,53.92,52.76,53.17,52.31,11322700
PFE,2022-07-11,53.00,53.74,52.75,52.89,52.04,12921400
PFE,2022-07-12,52.69,52.78,51.71,52.04,51.20,14633500
PFE,2022-07-13,51.86,52.31,51.51,51.79,50.95,12927300
PFE,2022-07-14,50.75,51.59,50.63,51.39,50.56,14023800
PFE,2022-07-15,51.04,51.91,50.43,51.75,50.92,19885700
PFE,2022-07-18,51.96,51.97,50.52,50.75,49.93,15742900
PFE,2022-07-19,51.04,51.51,50.61,51.37,50.54,13402100
PFE,2022-07-20,51.39,51.46,50.51,50.82,50.00,12774400
PFE,2022-07-21,50.57,51.14,50.18,51.12,50.30,15103800
PFE,2022-07-22,51.26,51.53,50.95,51.23,50.40,10932100
PFE,2022-07-25,51.34,51.88,51.34,51.77,50.93,12995800
PFE,2022-07-26,51.84,52.85,51.71,52.30,51.46,16632500
PFE,2022-07-27,51.94,52.25,51.19,51.95,51.11,19203500
PFE,2022-07-28,50.85,52.33,49.10,50.72,50.29,38984900
PFE,2022-07-29,50.56,50.71,49.28,50.51,50.08,25037900
PFE,2022-08-01,50.32,51.30,50.15,50.61,50.18,19709900
PFE,2022-08-02,50.90,51.47,49.63,49.69,49.27,17802000
PFE,2022-08-03,49.79,50.07,49.34,49.86,49.44,16500100
PFE,2022-08-04,49.90,50.05,49.21,49.86,49.44,17026300
PFE,2022-08-05,49.64,49.97,49.06,49.27,48.85,16376600
PFE,2022-08-08,49.39,49.81,48.94,49.57,49.15,16071800
PFE,2022-08-09,49.75,50.11,49.52,49.78,49.36,12095600
PFE,2022-08-10,49.93,50.05,49.38,49.95,49.53,17355100
PFE,2022-08-11,48.22,49.13,47.81,48.29,47.88,44048800
PFE,2022-08-12,48.55,50.39,48.55,50.11,49.68,25835500
PFE,2022-08-15,49.97,50.07,49.39,49.75,49.33,15797800
PFE,2022-08-16,49.38,50.18,49.36,49.86,49.44,12874800
PFE,2022-08-17,49.65,49.86,49.25,49.27,48.85,13607200
PFE,2022-08-18,49.39,49.52,48.38,48.58,48.17,18916300
PFE,2022-08-19,48.84,49.45,48.73,49.15,48.73,15350200
PFE,2022-08-22,49.21,49.40,48.74,48.90,48.48,13601200
PFE,2022-08-23,48.42,48.52,47.76,48.01,47.60,16248900
PFE,2022-08-24,47.90,48.01,47.38,47.43,47.03,15551500
PFE,2022-08-25,47.52,47.95,47.27,47.90,47.49,14460000
PFE,2022-08-26,47.62,47.96,46.70,46.82,46.42,16546700
PFE,2022-08-29,46.38,46.69,46.12,46.23,45.84,13400500
PFE,2022-08-30,46.34,46.35,45.80,45.85,45.46,16303000
PFE,2022-08-31,46.01,46.29,45.13,45.23,44.85,26416800
PFE,2022-09-01,45.14,46.65,45.14,46.63,46.23,19947600
PFE,2022-09-02,46.74,46.80,45.53,45.70,45.31,14667700
PFE,2022-09-06,45.96,46.44,45.53,45.76,45.37,17153500
PFE,2022-09-07,45.70,46.21,45.38,46.13,45.74,15378900
PFE,2022-09-08,46.02,47.12,45.87,47.08,46.68,18271000
PFE,2022-09-09,47.20,47.99,47.10,47.84,47.43,17501700
PFE,2022-09-12,48.08,48.35,47.69,47.76,47.35,13744800
PFE,2022-09-13,47.13,47.32,46.02,46.19,45.80,16603200
PFE,2022-09-14,46.20,46.41,45.78,46.15,45.76,17162500
PFE,2022-09-15,46.11,46.29,45.70,45.94,45.55,15802000
PFE,2022-09-16,46.09,46.62,45.64,46.03,45.64,30629500
PFE,2022-09-19,45.68,45.88,44.78,45.44,45.05,16256200
PFE,2022-09-20,45.00,45.27,44.44,44.77,44.39,15369000
PFE,2022-09-21,44.81,44.98,43.90,43.92,43.55,17505200
PFE,2022-09-22,43.67,45.00,43.52,44.57,44.19,18508100
PFE,2022-09-23,44.44,44.56,43.58,44.08,43.71,18871700
PFE,2022-09-26,43.81,44.33,43.67,43.83,43.46,18680200
PFE,2022-09-27,44.22,44.58,43.74,44.09,43.72,21562700
PFE,2022-09-28,44.67,44.81,44.22,44.43,44.05,16532600
PFE,2022-09-29,44.41,44.62,43.95,44.16,43.78,13559900
PFE,2022-09-30,44.17,44.61,43.73,43.76,43.39,22962300
PFE,2022-10-03,44.07,44.28,43.49,44.14,43.76,22834300
PFE,2022-10-04,44.25,44.84,44.09,44.46,44.08,28198800
PFE,2022-10-05,44.12,44.37,43.68,44.12,43.75,15673400
PFE,2022-10-06,43.76,43.78,43.04,43.09,42.72,22068200
PFE,2022-10-07,43.05,43.05,41.92,42.32,41.96,20095000
PFE,2022-10-10,42.35,42.62,41.75,41.75,41.40,17888000
PFE,2022-10-11,41.66,42.57,41.45,41.92,41.56,20981200
PFE,2022-10-12,42.09,43.14,41.92,42.03,41.67,18803600
PFE,2022-10-13,41.76,43.16,41.70,42.98,42.61,23135200
PFE,2022-10-14,42.89,43.38,42.36,42.86,42.50,16980500
PFE,2022-10-17,43.19,43.81,43.19,43.65,43.28,16678400
PFE,2022-10-18,44.05,44.36,43.62,44.09,43.72,18442800
PFE,2022-10-19,43.91,44.07,42.74,43.11,42.74,23054700
PFE,2022-10-20,43.27,43.41,42.82,42.91,42.55,17715000
PFE,2022-10-21,43.31,45.16,42.99,44.95,44.57,36575700
PFE,2022-10-24,45.08,45.87,44.99,45.54,45.15,24972000
PFE,2022-10-25,45.27,45.82,44.89,45.59,45.20,23127000
PFE,2022-10-26,45.92,46.65,45.62,46.06,45.67,21407900
PFE,2022-10-27,45.81,46.11,45.68,45.74,45.35,20377700
PFE,2022-10-28,45.98,47.52,45.93,47.43,47.03,27854000
PFE,2022-10-31,47.08,47.39,46.54,46.55,46.15,29961700
PFE,2022-11-01,48.00,48.42,47.40,48.01,47.60,30614500
PFE,2022-11-02,47.77,48.17,46.95,47.07,46.67,25813100
PFE,2022-11-03,46.36,46.80,46.16,46.57,46.57,20124600
PFE,2022-11-04,47.47,47.54,46.61,47.22,47.22,24528500
PFE,2022-11-07,47.16,47.65,46.75,47.09,47.09,20304400
PFE,2022-11-08,47.04,47.75,46.75,47.35,47.35,18054500
PFE,2022-11-09,47.16,47.50,46.70,46.72,46.72,15348100
PFE,2022-11-10,47.53,47.75,46.85,47.38,47.38,20480600
PFE,2022-11-11,47.07,47.70,46.31,47.60,47.60,20909800
PFE,2022-11-14,47.99,49.82,47.93,49.24,49.24,26143000
PFE,2022-11-15,49.34,49.53,48.18,48.57,48.57,25440500
PFE,2022-11-16,48.80,49.06,48.05,48.05,48.05,15822200
PFE,2022-11-17,47.80,48.50,47.53,48.33,48.33,13231100
PFE,2022-11-18,48.64,48.83,47.87,48.23,48.23,20666500
PFE,2022-11-21,48.10,48.28,47.72,48.18,48.18,14736000
PFE,2022-11-22,48.34,49.25,48.24,49.08,49.08,16358600
PFE,2022-11-23,48.96,49.22,48.52,48.85,48.85,10710800
PFE,2022-11-25,48.93,49.22,48.84,49.21,49.21,6760200
PFE,2022-11-28,49.18,49.74,49.06,49.57,49.57,20704000
PFE,2022-11-29,49.50,49.67,49.10,49.49,49.49,17160900
PFE,2022-11-30,49.64,50.13,49.04,50.13,50.13,35572700
PFE,2022-12-01,50.31,51.16,50.28,51.08,51.08,23592600
PFE,2022-12-02,50.56,51.33,50.48,50.91,50.91,16881600
PFE,2022-12-05,50.91,51.03,50.35,50.73,50.73,17959800
PFE,2022-12-06,50.67,50.85,49.18,49.71,49.71,21787100
PFE,2022-12-07,49.75,51.15,49.75,50.24,50.24,15929900
PFE,2022-12-08,50.18,51.87,50.02,51.78,51.78,26116800
PFE,2022-12-09,51.75,52.84,51.63,51.72,51.72,19933500
PFE,2022-12-12,52.12,52.59,51.75,52.16,52.16,18532200
PFE,2022-12-13,53.10,54.04,52.88,53.07,53.07,29461800
PFE,2022-12-14,53.14,54.93,52.90,54.48,54.48,36260300
PFE,2022-12-15,54.07,54.43,53.40,53.61,53.61,21627100
PFE,2022-12-16,53.01,53.14,51.40,51.40,51.40,65689500
PFE,2022-12-19,51.52,51.81,50.70,51.36,51.36,16081900
PFE,2022-12-20,51.21,51.51,50.84,51.32,51.32,12433800
PFE,2022-12-21,51.61,52.16,51.20,51.66,51.66,12925000
PFE,2022-12-22,51.41,51.70,50.95,51.64,51.64,14822300
PFE,2022-12-23,51.56,51.95,51.24,51.83,51.83,10666500
PFE,2022-12-27,51.86,51.93,51.05,51.13,51.13,12033800
PFE,2022-12-28,51.05,51.39,50.75,50.80,50.80,10053900
PFE,2022-12-29,51.02,51.67,50.99,51.33,51.33,8971300
PFE,2022-12-30,51.29,51.40,50.75,51.24,51.24,11394800
PFE,2023-01-03,51.01,51.33,50.82,51.26,51.26,15603800
PFE,2023-01-04,50.29,50.63,49.52,50.13,50.13,21808400
PFE,2023-01-05,49.73,49.99,48.92,49.66,49.66,20057400
PFE,2023-01-06,49.98,51.60,49.56,50.92,50.92,29626900
PFE,2023-01-09,50.05,50.26,48.31,48.39,48.39,30839100
PFE,2023-01-10,48.35,48.47,47.38,47.62,47.62,29212000
PFE,2023-01-11,47.70,47.74,46.86,47.45,47.45,23022200
PFE,2023-01-12,47.27,47.72,46.58,47.71,47.71,23345300
PFE,2023-01-13,47.50,48.16,47.49,47.85,47.85,18726800
PFE,2023-01-17,46.54,46.74,45.71,46.08,46.08,29317300
